935689.jpg;[7, 8, 9, 10, 11, 12];[10];;;
935021.jpg;[3, 4, 7, 8];[4, 8];;;
935467.jpg;[6, 7, 8];[6, 7, 8];;;
934632.jpg;[5, 6, 8];[5, 8];;;
935115.jpg;[5, 6];[5, 6];;;
934738.jpg;[6, 7, 8];[7, 8];;;
934949.jpg;[11, 12, 16];[11, 12, 16];;;
935196.jpg;[5, 9];[5, 15];;;
934735.jpg;[4, 10, 14];[4, 10, 14];;;
935174.jpg;[2, 3];[2, 3];;;
935865.jpg;[9, 15, 16];[9, 15, 16];;;
935072.jpg;[9, 10, 11, 13];[10, 13];;;
935192.jpg;[3, 7];[3, 7];;;
935777.jpg;[3, 5, 6, 8];[3, 5, 6, 8];;;
934720.jpg;[5, 6, 11, 12];[6, 9, 11];;;
934775.jpg;[7, 8, 9, 11, 12];[7, 8, 9, 11];;;
934324.jpg;[5, 9, 10, 11, 16];[5, 9, 10, 11, 16];;;
934762.jpg;[1, 2, 4];[1, 4];;;
935566.jpg;[10, 11, 12];[10, 12];;;
935448.jpg;[5, 8];[8];;;
934544.jpg;[4, 8, 11, 15, 16];[4, 8, 15];;;
935044.jpg;[1, 5, 14];[1, 5, 14];;;
935554.jpg;[1, 2, 5, 6, 9, 10];[2, 5, 10];;;
935359.jpg;[1, 2, 5, 6, 9, 10];[0];;;
935596.jpg;[1, 2, 4];[1, 2, 4, 5];;;
935434.jpg;[9, 10, 11, 16];[16];;;
934601.jpg;[5, 7];[7, 12];;;
934466.jpg;[11, 12, 13, 16];[11, 12, 13, 15, 16];;;
934769.jpg;[5, 6];[5, 6];;;
935571.jpg;[2, 6, 7, 10, 11];[6, 10, 11, 13];;;
935285.jpg;[2, 6, 11];[6, 11];;;
935692.jpg;[1, 5, 8];[1, 8];;;
935121.jpg;[2, 3, 6, 7, 10, 11];[2, 6, 10];;;
935301.jpg;[6, 10, 14];[6, 10];;;
934858.jpg;[7, 8, 11, 12];[1];;;
934400.jpg;[5, 6, 8, 12];[5, 6, 9, 12];;;
934539.jpg;[5, 6, 7];[5, 7];;;
935672.jpg;[1, 3, 5, 7];[1];;;
934626.jpg;[6, 9, 10, 11, 15];[9, 10];;;
935705.jpg;[1, 5, 7, 11];[5, 11];;;
935703.jpg;[6, 7, 8];[5, 7, 8];;;
934876.jpg;[1, 7, 11];[1, 5, 7, 11];;;
934872.jpg;[3, 10, 12, 14];[3, 10, 12, 14];;;
934533.jpg;[9, 10, 11, 12];[10, 12];;;
934920.jpg;[5, 6, 7, 8];[5, 6, 7, 8];;;
935100.jpg;[4, 8, 12, 16];[4];;;
935608.jpg;[9, 10, 11, 12];[9, 10, 11];;;
934933.jpg;[2, 3, 6, 8];[3, 8];;;
935819.jpg;[3, 7];[3, 5, 6, 7];;;
935978.jpg;[1, 2];[1, 2, 10, 11];;;
935666.jpg;[6, 7, 10, 11];[6];;;
935064.jpg;[1, 11, 12];[1, 11];;;
934425.jpg;[5, 6];[5, 6];;;
935102.jpg;[2, 3, 6, 7, 10, 11];[2, 3, 6, 7];;;
935888.jpg;[7, 9, 10, 12];[9, 10, 12];;;
935748.jpg;[9, 10, 11, 12];[10, 11, 12];;;
935271.jpg;[5, 9];[7, 9];;;
935632.jpg;[5, 7];[5, 7];;;
935945.jpg;[5, 12];[5, 12];;;
935251.jpg;[1, 3, 4, 5];[1, 3];;;
935297.jpg;[6, 7];[6, 7];;;
935543.jpg;[2, 4, 6, 8];[6, 8];;;
934372.jpg;[1, 2, 3, 4];[1, 2, 3, 4, 5, 6];;;
934504.jpg;[4, 6, 8, 10];[4, 6, 8, 10];;;
935382.jpg;[1, 2, 6, 7, 8];[6, 8];;;
935562.jpg;[7, 11];[11];;;
935960.jpg;[6, 7];[6, 7, 12];;;
934881.jpg;[1, 4];[1, 4, 7];;;
934624.jpg;[5, 7, 8];[5, 7, 8];;;
935826.jpg;[6, 7, 8];[6, 7, 8];;;
935247.jpg;[6, 10, 12, 13];[6, 10, 12, 13];;;
935931.jpg;[5, 6];[5, 6, 12];;;
935238.jpg;[1, 2, 8, 12, 16];[2, 4, 8, 12, 16];;;
934542.jpg;[5, 6, 7];[5, 6, 7];;;
935977.jpg;[9, 11, 13];[9, 11, 13];;;
935248.jpg;[2, 3, 4, 6];[3, 6, 8, 12];;;
934727.jpg;[3, 7];[3, 5, 6, 7];;;
935190.jpg;[9, 10];[0];;;
935552.jpg;[6, 7, 10, 11, 14, 15];[11];;;
935751.jpg;[3, 7, 11];[0];;;
935257.jpg;[3, 4, 7, 8, 11, 12];[3, 4, 7, 8, 11, 12];;;
935947.jpg;[8, 9, 10, 12];[9, 10, 12];;;
934444.jpg;[5, 8];[8];;;
935340.jpg;[1, 5, 6, 7, 8];[1, 5, 6, 7, 8];;;
935503.jpg;[9, 10, 11];[9, 10, 11];;;
935626.jpg;[9, 11, 12];[9, 11, 12];;;
934416.jpg;[10, 14];[7, 10];;;
934825.jpg;[1, 3, 5, 7];[1, 5, 7];;;
935781.jpg;[2, 3, 6, 7];[7];;;
935358.jpg;[1, 2, 3, 7, 8];[3, 5, 7, 8];;;
935529.jpg;[6, 7];[2, 6, 7];;;
935490.jpg;[5, 7, 9, 11];[9, 11];;;
934971.jpg;[3, 4, 7, 8];[3, 4, 8];;;
934644.jpg;[7, 8, 11, 12];[8];;;
934645.jpg;[5, 6, 7, 8];[5, 6, 7, 8];;;
935281.jpg;[6, 7, 9, 10, 11];[6, 7, 9, 10];;;
934408.jpg;[1, 2, 4, 8];[2, 4, 8];;;
935784.jpg;[1, 2, 5, 6];[1, 2, 5];;;
934478.jpg;[10, 11];[5, 10, 11, 12];;;
934790.jpg;[2, 6, 7, 8, 12];[2, 6, 7, 8, 12];;;
934826.jpg;[5, 9, 12];[9, 12];;;
935222.jpg;[10, 11, 12, 16];[10, 11, 14];;;
935204.jpg;[1, 5, 7, 8];[5, 7, 8];;;
935647.jpg;[4, 5];[4, 5];;;
934779.jpg;[3, 7, 11, 14, 15];[7, 14, 15];;;
934434.jpg;[6, 10];[10];;;
934654.jpg;[2, 3, 6, 7];[2, 6, 9, 12, 16];;;
934982.jpg;[2, 3, 6, 7, 10, 11];[0];;;
934931.jpg;[9, 11, 12, 16];[9];;;
935609.jpg;[5, 12];[5];;;
935405.jpg;[3, 7, 8];[3, 7, 8, 9];;;
935316.jpg;[2, 14, 16];[2, 13, 14, 16];;;
935468.jpg;[3, 4];[3, 4];;;
935859.jpg;[6, 7];[6, 7, 8];;;
935363.jpg;[2, 4, 6, 8];[6, 8];;;
935896.jpg;[5, 6, 11, 12];[5, 6, 11, 12];;;
935799.jpg;[2, 6];[2, 6, 14, 15];;;
934397.jpg;[2, 6, 10];[2, 10, 11, 14, 15];;;
935963.jpg;[9, 10];[9, 10, 13, 15];;;
935461.jpg;[2, 4, 6, 8];[4, 6, 8];;;
934560.jpg;[9, 10, 11, 12, 13];[13, 16];;;
934700.jpg;[8, 9, 10];[8];;;
935465.jpg;[2, 3, 4];[3];;;
934951.jpg;[6, 10];[6];;;
935159.jpg;[5, 9, 11, 12, 15, 16];[5, 11, 12];;;
935992.jpg;[10, 12];[10, 12];;;
935120.jpg;[5, 6, 9, 10];[6, 9];;;
934685.jpg;[4, 7, 8, 11];[8, 11, 13];;;
934338.jpg;[10, 12, 13];[10, 12];;;
934395.jpg;[5, 8];[5, 8];;;
935936.jpg;[1, 2, 6, 7];[1, 6, 7, 15];;;
935386.jpg;[1, 5, 7, 8, 12];[7, 10, 12];;;
934579.jpg;[10, 11, 16];[16];;;
934496.jpg;[6, 8, 10];[6, 8];;;
934698.jpg;[8, 12];[8, 9, 12, 16];;;
935352.jpg;[2, 6];[2, 6, 12];;;
935970.jpg;[5, 6, 9, 10, 13];[6, 13];;;
934961.jpg;[3, 4, 7, 8];[4, 8];;;
935431.jpg;[1, 2, 3];[2, 3];;;
934348.jpg;[2, 3, 6, 7, 10, 14];[7];;;
935133.jpg;[5, 9, 12, 16];[4, 5, 9, 16];;;
935082.jpg;[2, 5, 6, 8];[5, 6, 8];;;
934913.jpg;[3, 6, 7];[3, 7];;;
935633.jpg;[1, 2, 5, 6, 7, 8, 10, 11, 12];[7, 10];;;
934642.jpg;[6, 9, 12];[9, 11, 12];;;
934666.jpg;[1, 2, 5, 6, 9, 13];[5, 6];;;
934745.jpg;[2, 3, 6, 7];[0];;;
935747.jpg;[2, 6];[2];;;
934424.jpg;[5, 6, 7, 8, 9];[5, 7, 8];;;
935390.jpg;[5, 6, 7, 8];[6, 7, 8];;;
935835.jpg;[1, 3, 4, 5, 8];[1];;;
935401.jpg;[9, 10, 11, 12];[6, 10, 12];;;
935698.jpg;[5, 7, 9, 11, 12];[9, 12];;;
934674.jpg;[2, 3, 4, 6, 7, 8];[0];;;
934964.jpg;[2, 3, 6, 7, 10, 11];[3, 6, 7, 11];;;
934970.jpg;[3, 4];[4, 14];;;
935142.jpg;[7, 8, 11, 12];[8];;;
935508.jpg;[5, 6, 9, 10, 13];[6, 10];;;
935643.jpg;[1, 2, 5, 6, 7, 11, 12];[5, 6];;;
935378.jpg;[6, 8];[6, 8, 12];;;
935788.jpg;[5, 6, 7, 8];[6, 7];;;
935035.jpg;[1, 2, 3, 4, 8];[2, 3, 4];;;
934986.jpg;[1, 5, 6, 10];[5, 6, 15];;;
934888.jpg;[2, 3, 6, 7];[2, 6, 8];;;
935640.jpg;[3, 4, 6, 7, 10, 11];[3];;;
935813.jpg;[6, 10, 14];[3];;;
935899.jpg;[];[0];;;
934954.jpg;[3, 4, 6];[5, 6];;;
935834.jpg;[5, 6, 7, 12];[5, 6, 7, 12];;;
935039.jpg;[2, 6, 8];[2, 8];;;
934339.jpg;[12, 14, 15, 16];[16];;;
934474.jpg;[1, 5, 12];[1, 5, 12];;;
934950.jpg;[3, 7, 11, 14, 15];[7, 14];;;
934552.jpg;[2, 6, 8];[6, 8, 11];;;
934869.jpg;[4, 5, 8, 9];[5, 8, 9, 12];;;
935535.jpg;[3, 6, 7];[6, 7, 9, 12];;;
935180.jpg;[2, 3, 4, 6, 7, 8];[2, 6];;;
934493.jpg;[5, 6, 7, 8];[5, 6, 7, 8];;;
934822.jpg;[9, 10, 15, 16];[9, 10, 15];;;
935300.jpg;[2, 4, 8];[2, 4];;;
934554.jpg;[9, 10, 11, 12];[10, 11];;;
935797.jpg;[7, 11];[11];;;
934958.jpg;[13, 14];[15];;;
934520.jpg;[6, 7, 8, 10, 11, 12];[10, 11, 12];;;
935129.jpg;[1, 2, 5, 6, 9, 10];[6, 10];;;
934854.jpg;[2, 3, 4, 5, 6, 7, 8];[2, 3, 5, 6, 7, 8];;;
935605.jpg;[2, 6, 10];[0];;;
935944.jpg;[5, 6, 9, 10, 11, 12];[9, 10, 11, 12];;;
935254.jpg;[];[4];;;
935389.jpg;[10, 11];[2, 10, 11];;;
935209.jpg;[3, 4];[3, 4];;;
935411.jpg;[6, 7, 10, 11];[10, 11];;;
935725.jpg;[5, 6, 7];[5, 6, 7, 8];;;
935866.jpg;[4, 10, 11, 14];[4, 10, 14];;;
934793.jpg;[4, 5, 7, 8];[5, 7, 8];;;
934410.jpg;[9, 10, 11, 12];[9, 10, 11, 12];;;
934598.jpg;[4];[4, 6];;;
934538.jpg;[1, 5, 6, 7];[1, 5, 6, 7];;;
935778.jpg;[9, 10, 11, 12];[9, 10, 11, 12];;;
935110.jpg;[5, 7, 9, 11];[11];;;
935501.jpg;[1, 3, 4, 5, 7, 8];[5, 8];;;
935903.jpg;[9, 11, 12];[9, 11, 12];;;
934756.jpg;[6, 7];[5, 6, 7];;;
935520.jpg;[1, 3, 4, 5];[1, 3, 4, 5];;;
935825.jpg;[5, 6];[5, 6];;;
934582.jpg;[1, 5];[5, 11, 15];;;
934384.jpg;[9, 10, 12, 16];[12];;;
935438.jpg;[2, 3, 6, 7, 10];[2, 3, 6, 10];;;
935846.jpg;[2, 3, 6, 7];[3, 11];;;
935634.jpg;[2, 4, 8];[2, 8];;;
934784.jpg;[5, 8];[5, 8, 12];;;
934910.jpg;[6, 7, 8];[0];;;
934796.jpg;[2, 6, 7, 11];[2, 7, 11, 13, 14];;;
934403.jpg;[9, 13];[9, 10, 12];;;
935635.jpg;[9, 10];[10, 12];;;
935717.jpg;[9, 10, 11, 12];[9, 10, 11, 12];;;
935028.jpg;[1, 2, 3];[1, 2, 3];;;
934488.jpg;[1, 2, 5, 6, 7, 8];[8];;;
935031.jpg;[6, 7];[3, 6, 7];;;
934764.jpg;[6, 7, 10];[6, 7, 10];;;
934772.jpg;[1, 2, 4, 5, 6];[1, 4];;;
935202.jpg;[9, 10, 11, 12];[9, 10, 11, 12, 13];;;
935103.jpg;[6, 7, 10, 11, 12];[6, 11, 12, 13];;;
934580.jpg;[2, 3, 6, 7, 10, 11, 14, 15];[0];;;
935645.jpg;[1, 2, 7];[2, 7];;;
935811.jpg;[7, 8, 11, 12];[5, 8, 11, 12];;;
934694.jpg;[1, 3, 7];[1, 7];;;
934415.jpg;[1, 2, 3];[0];;;
935331.jpg;[2, 3, 6, 7, 10, 11];[6];;;
934948.jpg;[1, 2, 3, 5, 6, 7, 12];[1, 7];;;
934612.jpg;[5, 6, 8, 9, 10, 11, 12];[6, 9];;;
935671.jpg;[2, 4];[2, 5];;;
935354.jpg;[1, 2, 7];[1, 2, 3, 7];;;
935688.jpg;[4, 5, 6, 8, 9, 10];[6, 8, 9, 10];;;
935029.jpg;[9, 10, 11, 14, 15];[9, 14];;;
934443.jpg;[9, 10, 11, 12];[5, 6, 9, 10, 11, 12, 15, 16];;;
935627.jpg;[7, 8];[7, 8, 9, 10];;;
935659.jpg;[1, 2, 3, 7];[1, 2, 3];;;
934900.jpg;[4, 6, 7, 8];[4, 6, 7, 8, 12];;;
935292.jpg;[1, 2, 5, 6];[5, 6, 8, 12];;;
935887.jpg;[1, 2, 3, 8];[1, 2, 8];;;
934679.jpg;[1, 3, 5, 7];[5, 7];;;
934807.jpg;[1, 5, 6, 7, 8];[6, 7, 8, 10];;;
935739.jpg;[5, 6, 7, 9, 10, 11, 12];[5, 9, 12];;;
935914.jpg;[5, 11, 12];[0];;;
935509.jpg;[5, 9, 10, 11, 12];[5, 10, 11, 12];;;
934418.jpg;[5, 9];[5, 9];;;
934760.jpg;[5, 11, 12, 14, 15, 16];[5, 12];;;
934701.jpg;[3, 4, 7, 8, 11, 12];[0];;;
934916.jpg;[1, 2, 3, 6, 8];[1, 2, 6, 8];;;
935829.jpg;[3, 4, 7, 8];[7];;;
934605.jpg;[5, 9, 11];[5, 11, 12];;;
935470.jpg;[5, 6, 7, 8];[5, 6, 7, 8];;;
935532.jpg;[1, 2, 3, 4];[1, 2, 3];;;
935499.jpg;[1, 2, 3, 5, 6, 7, 8, 12];[5, 6, 8, 12];;;
935555.jpg;[9, 11];[11];;;
935831.jpg;[5, 6];[5, 6, 7];;;
935539.jpg;[2, 3, 6, 7];[2, 5, 6, 7, 9, 11, 15];;;
934782.jpg;[5, 7, 8, 11, 12];[5, 12];;;
934938.jpg;[6, 7];[6, 7, 15];;;
934805.jpg;[1, 2, 3, 8];[1, 2, 3, 8];;;
934808.jpg;[9, 10];[0];;;
935972.jpg;[1, 5, 15];[1, 5, 13, 15];;;
934856.jpg;[2, 6];[0];;;
935227.jpg;[7, 9, 11];[9, 11];;;
935685.jpg;[3, 5, 6];[3];;;
935147.jpg;[9, 11, 15];[9, 11, 15];;;
934728.jpg;[7, 11];[7, 11];;;
935556.jpg;[8, 10, 12];[2, 10, 12];;;
934351.jpg;[1, 5, 7];[5, 7];;;
934669.jpg;[4, 7];[4, 5, 7];;;
935700.jpg;[1, 2, 3, 4];[1, 2, 4, 5];;;
935307.jpg;[1, 2, 5, 6, 7];[1, 2, 5, 6, 7];;;
934483.jpg;[5, 6, 7, 8, 9, 12];[7, 8, 9, 12];;;
935730.jpg;[2, 5, 7, 8];[2, 5, 7, 8];;;
935576.jpg;[10];[10];;;
935733.jpg;[5, 9];[5, 6, 9];;;
934469.jpg;[1, 2, 4, 8];[1, 2, 4, 7, 8];;;
935099.jpg;[4, 7, 14];[1, 4, 7, 14];;;
934866.jpg;[1, 3, 4];[1, 3, 4, 5, 8];;;
935738.jpg;[5, 12];[5, 12];;;
935957.jpg;[3, 8];[11];;;
935755.jpg;[5, 6, 9, 10, 16];[16];;;
934568.jpg;[3, 4, 7, 8];[3, 4, 7];;;
934314.jpg;[9, 10, 11, 12];[9, 10, 11, 12];;;
935421.jpg;[6, 10, 14, 15];[6, 10, 13];;;
934646.jpg;[6, 10];[10];;;
935823.jpg;[6, 10, 11, 12, 14, 15, 16];[10, 11];;;
935013.jpg;[1, 2, 4, 5, 6];[1, 2, 4, 5, 6];;;
935069.jpg;[8, 12];[8, 12];;;
934777.jpg;[2, 6, 8, 12];[2, 6, 8, 12];;;
935625.jpg;[13, 14, 15, 16];[0];;;
935674.jpg;[1, 3, 4, 7, 8];[1, 7, 8];;;
935541.jpg;[6, 7, 10, 11];[11, 14];;;
935965.jpg;[];[0];;;
935551.jpg;[1, 2, 6, 7, 8];[0];;;
934722.jpg;[1, 5, 8, 12];[7, 8, 12];;;
935173.jpg;[5, 6, 8];[5, 6, 8];;;
934842.jpg;[1, 2, 5, 6];[5, 7];;;
935089.jpg;[5, 6, 7, 8];[6, 7, 8];;;
935367.jpg;[2, 6, 10];[2, 6];;;
934423.jpg;[2, 5, 6, 7, 8];[5, 6, 8];;;
935473.jpg;[1, 2, 3, 4];[3, 8];;;
935653.jpg;[6, 7, 12];[6, 7, 8];;;
935164.jpg;[9, 10, 11, 12];[9, 10, 11, 14];;;
934889.jpg;[5, 7, 8, 9, 11];[8, 9];;;
935306.jpg;[2, 3, 4];[2, 3];;;
935668.jpg;[1, 5, 12, 16];[5, 12, 16];;;
934342.jpg;[5, 6, 7, 8];[5, 6, 7];;;
934407.jpg;[2, 3, 6, 7, 10, 11];[0];;;
934390.jpg;[1, 3, 5, 7, 8];[3, 5, 7, 8];;;
934381.jpg;[1, 2, 5, 6];[5, 6, 12];;;
935088.jpg;[4, 8];[4, 8, 13];;;
935994.jpg;[6];[6];;;
934987.jpg;[1, 2, 5, 6, 8];[5, 6, 8];;;
935990.jpg;[2, 3, 6, 7];[2, 11];;;
935989.jpg;[3, 4, 6];[3, 6, 15];;;
934830.jpg;[10, 11, 15];[10];;;
935824.jpg;[9, 11, 12, 13, 15, 16];[9, 11, 13];;;
935847.jpg;[1, 5, 9];[0];;;
935323.jpg;[5, 6, 7];[5, 6, 7, 8];;;
934774.jpg;[3, 7];[3, 10];;;
935599.jpg;[6, 8];[6, 8];;;
935880.jpg;[5, 6, 7];[5, 6, 7];;;
935933.jpg;[9, 10, 11, 13, 14, 15, 16];[13, 14, 15, 16];;;
934860.jpg;[2, 3, 6, 7, 10, 11];[3];;;
935746.jpg;[10, 11];[10, 11];;;
934785.jpg;[6, 7, 10, 11];[10, 11, 12];;;
935815.jpg;[2, 3, 6, 7];[3];;;
935210.jpg;[9, 11, 12, 13];[12, 13];;;
935735.jpg;[4, 8];[4, 8];;;
935040.jpg;[8, 11, 12];[12];;;
934345.jpg;[5, 6, 7, 8];[5, 6, 7, 8];;;
935105.jpg;[2, 3, 6, 7, 10, 11, 12];[0];;;
935237.jpg;[13, 15, 16];[13, 15, 16];;;
934687.jpg;[3, 7, 11];[3, 7, 11];;;
935722.jpg;[6, 7, 10, 11];[3, 6, 10];;;
935966.jpg;[1, 2, 5, 7, 8];[5, 7, 8];;;
934456.jpg;[1, 2, 3, 4];[1, 2, 3];;;
935574.jpg;[2, 3];[14];;;
935504.jpg;[3, 4, 5, 6, 7, 8];[5, 6, 9];;;
934848.jpg;[2, 3, 6, 7];[2, 6, 7, 14];;;
935349.jpg;[5, 6, 7, 8];[5, 6, 7, 8];;;
935974.jpg;[6, 10];[6, 10, 12];;;
935568.jpg;[2, 5, 6, 9, 10];[6];;;
935383.jpg;[9, 11];[9, 11];;;
935436.jpg;[5, 6, 12];[6, 14];;;
935276.jpg;[5, 6];[5, 6, 12];;;
934861.jpg;[9, 10, 11, 12];[9, 10, 11];;;
935724.jpg;[1, 2, 5, 6, 7];[5, 7];;;
935419.jpg;[2, 5, 9];[2];;;
935549.jpg;[3, 4, 7, 8, 12];[7, 8];;;
935084.jpg;[6, 7, 10, 11, 14, 15];[7, 11];;;
935622.jpg;[1, 2, 4, 5, 6, 8];[6, 8];;;
934878.jpg;[1, 5, 7, 11];[1, 5, 7];;;
934489.jpg;[1, 5, 7, 8, 12];[4, 5, 7, 12];;;
935432.jpg;[2, 3, 4, 8];[3, 4];;;
935771.jpg;[6, 7, 8];[6, 7, 8];;;
935879.jpg;[1, 2, 3, 4];[1, 2, 3, 4];;;
935984.jpg;[2, 3, 8];[2, 3, 8];;;
934743.jpg;[3, 14, 15];[3, 14, 15];;;
935676.jpg;[5, 6, 7];[5, 6, 7];;;
934697.jpg;[3, 4];[4];;;
935528.jpg;[2, 3, 4];[2];;;
934385.jpg;[];[10];;;
935658.jpg;[2, 3, 8];[2, 3, 5, 8];;;
935975.jpg;[2, 3, 6, 7];[2, 3, 6];;;
934545.jpg;[2, 3];[1, 2, 3];;;
935128.jpg;[1, 3, 5, 9];[3];;;
934591.jpg;[5, 6, 7];[5, 6, 7, 11];;;
935952.jpg;[7, 8, 11, 12];[0];;;
934815.jpg;[5, 6, 7, 11];[5, 7, 11, 13, 15];;;
934634.jpg;[];[0];;;
934816.jpg;[1, 5, 9, 10, 13, 14];[1, 9, 10, 16];;;
935241.jpg;[2, 3, 10, 11];[3, 10, 11];;;
934502.jpg;[2, 3, 6, 7, 10, 11];[7];;;
934668.jpg;[10, 11];[10, 11];;;
934704.jpg;[3, 7, 11];[7];;;
935938.jpg;[1, 2, 4, 6];[1];;;
935912.jpg;[5, 6, 8, 9];[5, 6, 8, 9];;;
934638.jpg;[9, 13];[9, 13];;;
935213.jpg;[1, 2, 3, 6, 7];[2, 7];;;
934708.jpg;[1, 2, 3, 4];[1, 2, 3, 4];;;
935586.jpg;[5, 8, 12];[5, 8];;;
935135.jpg;[1, 2, 5, 6, 9, 10];[5, 6];;;
935061.jpg;[4, 5, 6, 7, 8, 11];[4, 5, 6, 11];;;
934394.jpg;[5, 6, 8];[5, 6, 8, 12];;;
934845.jpg;[9, 16];[9, 15, 16];;;
935092.jpg;[5, 6];[5, 6];;;
935334.jpg;[6, 10, 14];[6, 10];;;
935787.jpg;[6, 7];[3, 7];;;
935059.jpg;[2, 3, 6, 7];[6, 7];;;
935487.jpg;[7, 8, 11, 12];[3, 4, 8, 11, 12, 16];;;
934380.jpg;[9, 12, 16];[1, 9, 12, 16];;;
934361.jpg;[2, 3];[3, 12];;;
935398.jpg;[1, 2, 3, 4, 7];[1, 3, 8];;;
934530.jpg;[1, 5, 9, 13, 16];[1, 13, 16];;;
935014.jpg;[9, 10, 11, 12];[9, 10, 12];;;
935179.jpg;[2, 4, 6, 8];[4, 6, 8, 14];;;
935872.jpg;[7, 8];[7, 8];;;
935073.jpg;[10, 11, 15, 16];[15, 16];;;
934859.jpg;[1, 2, 3];[1, 2, 3];;;
934447.jpg;[2, 3, 6, 7];[6, 7];;;
934831.jpg;[6, 7];[2, 6];;;
935309.jpg;[2, 3, 6, 7, 10, 11, 14, 15];[0];;;
934651.jpg;[5, 6, 7, 9];[9];;;
935572.jpg;[5, 6, 8, 9, 10, 11];[8, 9, 10, 11];;;
935440.jpg;[1, 5, 6, 10];[1, 5, 7, 15];;;
934525.jpg;[11, 12];[1, 11, 12];;;
934723.jpg;[10, 14];[1, 10, 14];;;
934957.jpg;[5, 7];[5, 7];;;
934420.jpg;[2, 4, 6, 8];[8];;;
935255.jpg;[5, 6, 9, 10];[9, 10];;;
935950.jpg;[5, 6, 9, 10, 13, 14];[5, 6, 13];;;
935860.jpg;[1, 2, 5, 6, 9, 10, 13];[0];;;
934388.jpg;[1, 3, 5, 7];[5, 7];;;
935908.jpg;[12, 13, 14, 16];[14, 16];;;
935376.jpg;[1, 2, 3];[1, 2, 8];;;
935369.jpg;[5, 6, 7];[5, 7];;;
934925.jpg;[9, 10, 11, 12];[9, 10, 11, 12];;;
934331.jpg;[1, 2, 5, 6, 9, 10];[0];;;
935565.jpg;[5, 7, 10, 12];[10, 12];;;
934885.jpg;[5, 6, 8, 9, 10, 12];[6, 8, 10, 12];;;
934484.jpg;[6, 8, 9, 10, 12];[8, 9, 12];;;
935090.jpg;[9, 10, 11, 12, 13, 16];[10, 11, 12];;;
935342.jpg;[5, 6, 7, 8, 11];[5, 6, 8, 11];;;
935564.jpg;[8, 9, 11, 12];[6, 8, 9, 10, 11, 12, 13];;;
934780.jpg;[5, 6, 9, 10, 12];[5, 9, 10, 12];;;
935946.jpg;[2, 3, 6, 7];[6];;;
935961.jpg;[2, 3];[2, 3];;;
934599.jpg;[7, 10, 11];[7, 11];;;
935959.jpg;[7, 8, 12];[5, 7, 8, 9, 12];;;
934414.jpg;[6, 7, 8, 12];[6, 7, 8, 12];;;
934471.jpg;[5, 7];[5, 7];;;
935512.jpg;[7, 8, 11, 12, 15, 16];[11];;;
935033.jpg;[1, 2, 3, 4, 5, 6, 7, 8];[1, 2, 4, 6, 8];;;
935226.jpg;[11, 12];[10, 11, 12];;;
934935.jpg;[1, 7, 8];[1, 5, 7, 8];;;
934543.jpg;[3, 4, 8];[3, 4, 8];;;
935498.jpg;[7, 8, 11, 12];[11, 12];;;
935885.jpg;[3, 5, 7, 8];[5, 7, 8];;;
935804.jpg;[7, 11];[7, 11, 12];;;
935650.jpg;[1, 2, 6, 7, 12];[1, 6, 7, 8, 12];;;
935113.jpg;[1, 3, 6, 7, 8];[1, 6, 7, 8];;;
934417.jpg;[2, 4];[2, 4];;;
934321.jpg;[11, 12, 13];[11, 12, 13];;;
934703.jpg;[1, 5];[1, 5];;;
935595.jpg;[1, 2, 5, 6];[2, 5, 6];;;
935083.jpg;[6, 7, 10, 11, 12];[10, 11, 12, 14];;;
934960.jpg;[5, 6, 8];[6, 8];;;
935729.jpg;[1, 2, 3];[0];;;
935907.jpg;[2, 3, 4];[1, 2, 3];;;
935175.jpg;[3, 4, 5, 7, 8];[3, 4, 5, 7, 8, 9];;;
934899.jpg;[5, 6, 7, 8, 10, 11, 12];[5, 12];;;
934924.jpg;[4, 8, 12];[8, 10];;;
934959.jpg;[1, 3, 7, 11];[0];;;
934823.jpg;[5, 9, 12, 16];[5, 9, 12, 14, 16];;;
935546.jpg;[2, 6, 7, 10, 11];[6];;;
935270.jpg;[8, 9, 10, 11];[8, 9, 10, 11];;;
934744.jpg;[5, 6, 9, 10, 13, 14];[9, 10];;;
935160.jpg;[1, 2, 6, 12, 16];[1, 2, 6, 10, 12, 14];;;
935002.jpg;[10, 11, 12];[10, 11, 12];;;
935017.jpg;[5, 6, 7, 9, 10, 11];[9, 10];;;
934890.jpg;[1, 2, 4, 8];[1, 2, 8];;;
935275.jpg;[1, 2, 5, 6, 8];[5, 6, 8];;;
934676.jpg;[5, 6, 7, 8, 9, 10, 11, 12];[8, 9, 12];;;
935370.jpg;[5, 7, 12];[5, 7, 12];;;
934849.jpg;[5, 7, 9, 11, 15];[9, 11];;;
935152.jpg;[7, 10, 12];[10, 12];;;
934491.jpg;[5, 6, 9, 10];[6, 9, 10];;;
935338.jpg;[5, 6, 7, 8];[5, 6, 7, 8];;;
934633.jpg;[9, 13, 14, 16];[13, 14, 16];;;
935277.jpg;[9, 10, 11, 12];[9, 10, 11, 12];;;
934941.jpg;[1, 5, 6];[5, 6, 8];;;
934462.jpg;[2, 4, 6, 8];[6, 8];;;
935034.jpg;[6, 7, 10, 11];[0];;;
935137.jpg;[1, 2, 5, 6, 9, 10, 13, 14];[2, 3, 6];;;
935758.jpg;[2, 6, 7];[2, 6, 7, 14];;;
934569.jpg;[11];[1, 5, 11];;;
934335.jpg;[3, 4, 7, 8, 11, 12];[3, 7, 8];;;
934329.jpg;[2, 3, 4];[2, 3, 4];;;
934827.jpg;[3, 5, 7];[3];;;
935372.jpg;[5, 9, 10, 11, 12];[9, 10, 11, 12, 16];;;
935916.jpg;[5, 8, 9];[9];;;
935070.jpg;[2, 6];[0];;;
934428.jpg;[1, 2, 5, 6];[1, 6, 8];;;
934426.jpg;[5, 6, 7, 11, 12];[5, 6, 7, 11, 12];;;
934983.jpg;[1, 2, 5, 6];[1, 2];;;
934476.jpg;[11, 12, 15, 16];[12];;;
934718.jpg;[7, 9];[2, 7];;;
934326.jpg;[6, 7, 8];[6, 7, 8];;;
934627.jpg;[6, 7, 10, 11];[9, 11];;;
935328.jpg;[4, 8];[4, 8];;;
935805.jpg;[7, 11, 12];[11, 12];;;
935239.jpg;[9, 10, 11];[10, 11];;;
935790.jpg;[8, 9, 10, 11];[8, 9, 10, 11];;;
935868.jpg;[3, 7];[3, 7];;;
935442.jpg;[1, 2, 5, 6, 12, 16];[2, 12];;;
935195.jpg;[2, 3, 4];[2, 4];;;
935043.jpg;[2, 3, 5, 6, 7, 8];[6, 8];;;
935141.jpg;[13, 14, 15, 16];[15];;;
935240.jpg;[10, 12];[11, 12];;;
935459.jpg;[1, 3, 4, 8];[1, 3, 8];;;
935969.jpg;[8];[8, 9];;;
935337.jpg;[5, 6, 7, 8];[5, 6, 7];;;
935542.jpg;[7, 8];[7, 8];;;
935948.jpg;[5, 6];[5];;;
935619.jpg;[2, 6, 10, 14];[6, 14];;;
934577.jpg;[1, 2, 3, 4];[1, 2, 3, 4];;;
934382.jpg;[9, 12, 13, 16];[9, 12, 13, 16];;;
935065.jpg;[9, 11];[9, 11, 12];;;
935818.jpg;[6, 8, 10, 12];[5];;;
934680.jpg;[3, 7];[3, 7, 10, 14];;;
935200.jpg;[6, 10, 14];[6, 10];;;
935365.jpg;[2, 6, 10, 14];[2, 6, 13, 14];;;
935471.jpg;[3, 7, 11];[3, 7, 11];;;
935042.jpg;[1, 2, 5, 6, 9, 10];[2, 5, 6, 10];;;
935654.jpg;[5, 6, 7];[5, 7];;;
934458.jpg;[1, 2, 5, 6];[1, 2, 5, 6];;;
935923.jpg;[1, 3, 7];[1, 3];;;
934635.jpg;[5, 6, 7];[6, 7];;;
934939.jpg;[5, 7, 8, 11];[5, 7, 8, 9, 11, 15];;;
934648.jpg;[5, 6];[5, 6, 7];;;
935259.jpg;[14, 15, 16];[14, 15, 16];;;
934908.jpg;[6, 7, 10, 11];[7, 11];;;
934379.jpg;[1, 2, 3];[1, 2, 3];;;
935875.jpg;[5];[5, 12];;;
934597.jpg;[3, 4, 6];[3, 4, 6];;;
934739.jpg;[6, 7, 10, 11];[7, 11];;;
934768.jpg;[8];[8, 9];;;
934749.jpg;[3, 7];[3, 4, 7, 13, 16];;;
935830.jpg;[2, 5, 6];[5, 6, 8];;;
935719.jpg;[6, 7, 8];[5, 6, 8];;;
935023.jpg;[5, 6, 9, 10];[5, 6, 9];;;
935153.jpg;[4, 8, 9];[8, 9];;;
935615.jpg;[9, 10, 11, 12];[8, 10, 11, 12];;;
934343.jpg;[6, 7, 8];[6];;;
935521.jpg;[6, 7, 9, 10];[6, 7, 9];;;
935794.jpg;[2, 6, 10];[6];;;
934911.jpg;[8, 9, 12];[9, 10, 11, 12];;;
935638.jpg;[5, 6, 9, 10, 13, 14];[2, 5, 6, 10];;;
935112.jpg;[1, 2, 8];[1, 2, 8];;;
935038.jpg;[6, 9, 11, 12];[9, 11, 12];;;
935949.jpg;[7, 8, 9, 11, 12];[11, 12];;;
935629.jpg;[1, 3];[3];;;
935264.jpg;[2, 3, 4, 5, 6, 7, 8];[5, 6, 8];;;
934810.jpg;[2, 3, 4];[0];;;
934330.jpg;[9, 11, 12];[9, 11, 12];;;
935842.jpg;[3, 4, 7, 8];[3, 4, 14];;;
935170.jpg;[2, 3, 5, 7, 8];[2, 3, 7, 8];;;
935232.jpg;[6, 8, 10, 12];[6];;;
935460.jpg;[3, 4, 7, 8, 11, 12];[3, 12, 16];;;
934625.jpg;[1, 2, 13, 14];[8, 13, 14];;;
935935.jpg;[2, 3, 6, 7, 10, 11];[3];;;
935644.jpg;[6, 7, 10, 11, 12];[10, 11, 12];;;
935145.jpg;[6];[6];;;
935690.jpg;[1, 2, 5, 6, 8];[5, 6, 8];;;
935567.jpg;[5, 6, 7, 8];[5, 6, 7, 8];;;
935714.jpg;[1, 5, 7, 11];[1, 5, 11];;;
934317.jpg;[1, 8];[1, 8];;;
935379.jpg;[5, 6];[5, 12];;;
934862.jpg;[9, 10, 11, 12, 16];[9, 10, 16];;;
935812.jpg;[9, 12];[9, 12];;;
934514.jpg;[10, 11];[10, 11];;;
935482.jpg;[5, 6, 7];[5, 7];;;
935852.jpg;[2, 6, 10, 14];[2];;;
935475.jpg;[5, 6, 9, 10, 13];[5, 9];;;
935095.jpg;[1, 2, 3, 4];[1, 2, 4];;;
935750.jpg;[10, 11, 12];[10, 11];;;
935753.jpg;[2, 3, 6];[3, 6];;;
935618.jpg;[1, 2, 5, 6];[5];;;
935856.jpg;[11, 12, 15, 16];[12];;;
935673.jpg;[1, 2, 3, 4, 5, 6, 7, 8];[6, 8, 9, 14];;;
934433.jpg;[6, 8, 12];[3, 4, 6, 13];;;
935433.jpg;[1, 2, 7, 8];[1, 2, 7, 8];;;
935106.jpg;[5, 6, 7, 8, 9];[5, 6, 7, 8, 9];;;
934534.jpg;[1, 7, 11];[1, 7, 11];;;
935081.jpg;[5, 6, 9, 10, 11, 12];[5, 11];;;
934789.jpg;[2, 3, 5, 6, 7, 8];[2, 6, 7, 8];;;
935728.jpg;[7, 11, 15];[0];;;
935117.jpg;[4, 8];[8];;;
935763.jpg;[4, 5, 7];[4, 5, 7];;;
934956.jpg;[4, 5, 6, 7];[4, 5, 6, 7];;;
934914.jpg;[];[0];;;
935731.jpg;[6, 7, 8];[6, 7, 8];;;
934657.jpg;[5, 6, 7];[5, 6];;;
935737.jpg;[5, 7];[5, 7];;;
935407.jpg;[4, 8];[4];;;
934341.jpg;[3, 4, 7, 8, 11, 15];[3, 4, 15];;;
934943.jpg;[6, 7, 8, 10, 11, 12];[6, 8];;;
934981.jpg;[2, 5, 6];[1, 2];;;
934430.jpg;[1, 4, 5, 8, 12];[1, 8, 15];;;
934647.jpg;[5, 9, 11];[5, 9, 11];;;
935420.jpg;[1, 2, 6, 8, 12];[1, 6, 8, 12];;;
935168.jpg;[9, 10, 16];[8, 9, 10, 16];;;
934440.jpg;[1, 2, 5, 6, 11, 12];[2, 5, 6];;;
935273.jpg;[1, 2, 5, 6];[1, 2, 5, 6];;;
934747.jpg;[6, 7, 8];[6, 7, 8];;;
934649.jpg;[1, 3, 4];[1, 3];;;
935134.jpg;[5, 9, 15];[9, 11, 15];;;
935242.jpg;[6, 10, 14];[6, 10];;;
934840.jpg;[5, 9, 12, 13, 16];[5, 9, 13];;;
935171.jpg;[14, 15, 16];[14, 15];;;
935587.jpg;[1, 2, 5, 7, 8];[1, 2, 8];;;
934990.jpg;[9, 10, 11, 12, 13, 15];[9, 10, 11, 12, 15];;;
934783.jpg;[1, 2, 8];[1, 2, 5, 8];;;
934932.jpg;[5, 8];[1, 3, 5, 7];;;
935941.jpg;[2, 6];[2, 6];;;
935649.jpg;[10, 12];[10, 12];;;
935456.jpg;[1, 2, 7, 8, 11, 12];[1, 7, 11, 12, 15, 16];;;
935055.jpg;[7];[7];;;
934835.jpg;[5, 9, 12, 16];[5, 12, 16];;;
934696.jpg;[9, 10, 11, 12];[9, 10, 11, 12];;;
935732.jpg;[3, 7, 8, 11];[7, 11];;;
935973.jpg;[1, 5, 9, 15, 16];[5, 16];;;
934963.jpg;[11, 12];[11, 12];;;
934532.jpg;[1, 3];[1];;;
935116.jpg;[1, 2, 4, 5, 6];[4, 5, 6];;;
934702.jpg;[1, 4, 5, 8, 9];[5, 7, 8, 9];;;
934585.jpg;[13, 14, 15, 16];[13, 14, 15, 16];;;
935256.jpg;[7, 11];[7, 11];;;
935882.jpg;[1, 2, 5, 6, 8];[5, 8, 12];;;
935472.jpg;[5, 6, 8, 9, 12];[6, 8, 9, 12];;;
934998.jpg;[9, 11, 12];[9, 11, 12];;;
935144.jpg;[11, 12, 14, 15];[11, 12];;;
935646.jpg;[3];[5];;;
934541.jpg;[3, 4, 7, 8];[8];;;
935350.jpg;[1, 8];[1, 8];;;
934636.jpg;[7, 9, 11, 12];[9, 12];;;
934455.jpg;[6, 7];[8];;;
935339.jpg;[2, 3, 6, 7, 10, 11, 14, 15];[7];;;
934401.jpg;[3, 4, 5];[3, 4, 5];;;
935526.jpg;[2, 3, 4];[7];;;
935743.jpg;[6, 10];[3, 10];;;
934686.jpg;[9, 11, 12, 13, 15, 16];[11];;;
935530.jpg;[6, 7, 10, 11, 12];[10, 11, 12];;;
934969.jpg;[6, 7, 10, 11, 12];[7, 10, 11, 12];;;
935534.jpg;[3, 7, 11];[7];;;
935347.jpg;[3, 4, 7, 8, 11, 14, 15];[8, 11, 15];;;
935418.jpg;[3, 4, 7, 8, 11, 12];[8];;;
935206.jpg;[1, 5, 8, 12];[1, 12];;;
935604.jpg;[5, 6, 8];[6, 8];;;
935782.jpg;[2, 3, 4, 6, 7, 8, 10, 11, 12];[3, 7];;;
935123.jpg;[2, 6, 11, 12, 15, 16];[2, 6, 16];;;
934494.jpg;[1, 2, 3, 4, 5, 6, 7, 8];[5];;;
934499.jpg;[6, 10];[6];;;
935234.jpg;[7, 8, 9, 11, 12, 13];[11, 12, 13];;;
934584.jpg;[6, 10];[2, 6];;;
935008.jpg;[2, 6, 10];[6, 10];;;
935009.jpg;[5, 9];[1, 5, 9];;;
935664.jpg;[11, 15];[11, 12];;;
934561.jpg;[5, 6, 9, 10];[5, 9, 10];;;
934883.jpg;[2, 6];[2, 6];;;
935677.jpg;[4, 8, 12, 16];[8];;;
934432.jpg;[6, 7, 8, 11, 12];[12];;;
935523.jpg;[1, 2, 3, 5, 6];[3, 5, 7];;;
934675.jpg;[1, 2];[1];;;
935806.jpg;[5, 6, 8];[5, 6, 8];;;
934640.jpg;[2, 3, 7, 8];[2, 3, 7, 8];;;
935922.jpg;[1, 3, 4, 7, 8];[1, 8];;;
934512.jpg;[1, 7, 8];[1, 7, 8];;;
935905.jpg;[5, 6, 11];[5, 6, 11];;;
935765.jpg;[1, 2, 6, 8];[1, 2, 6, 8];;;
935262.jpg;[7, 8, 10];[7, 8, 10];;;
934367.jpg;[4, 8];[4];;;
934575.jpg;[5, 7, 9, 11, 12];[5, 11, 12, 15];;;
934350.jpg;[2, 3, 4, 6, 7, 8, 10, 11, 12];[0];;;
935249.jpg;[9, 10, 12, 13, 14, 16];[10, 15, 16];;;
934817.jpg;[1, 8, 12];[8];;;
934362.jpg;[2, 6, 7, 8];[7, 8];;;
935439.jpg;[2, 4, 6, 7];[2, 4, 6, 7];;;
934719.jpg;[1, 5, 7, 8];[1, 5, 7, 8];;;
934507.jpg;[10, 11, 12];[10, 11, 12, 15];;;
935877.jpg;[2, 5, 6, 8];[5, 6, 8];;;
935871.jpg;[4, 8, 12];[16];;;
935693.jpg;[3, 4, 7, 8];[8, 9];;;
934461.jpg;[8, 9, 10, 11, 12];[4, 8, 9, 10, 11];;;
935982.jpg;[10, 16];[10, 16];;;
935597.jpg;[9, 11, 12, 13];[11, 12, 13];;;
935962.jpg;[5, 7, 8, 9, 11, 12];[5, 8, 9, 12];;;
935687.jpg;[1, 2, 3, 4, 8];[1, 2, 3, 4];;;
935691.jpg;[1, 2, 7, 8];[1];;;
934984.jpg;[9, 10];[9, 10];;;
935594.jpg;[3, 6];[3, 6];;;
934365.jpg;[2, 3, 4];[2, 4, 12];;;
934717.jpg;[2, 6, 10];[2, 6];;;
934439.jpg;[5, 6];[0];;;
935876.jpg;[3, 5, 7];[3, 5, 7];;;
934522.jpg;[1, 4, 8];[1, 8];;;
934336.jpg;[6, 7, 9, 10];[6, 7, 9, 10];;;
935282.jpg;[9, 10, 11, 12];[9, 10, 11, 15];;;
935754.jpg;[];[0];;;
935662.jpg;[9, 11, 12];[9, 11, 12];;;
935515.jpg;[2, 3, 6, 7, 10, 11];[13];;;
934803.jpg;[2, 3, 6, 7, 10, 11];[7, 11];;;
935904.jpg;[2, 3, 7, 8, 12];[2, 7, 8, 11, 12];;;
935274.jpg;[6, 8, 9, 10, 12];[9, 10, 12];;;
935050.jpg;[7, 8];[7, 8, 10];;;
934978.jpg;[2, 6, 8, 10, 12, 15, 16];[8, 12];;;
934437.jpg;[13, 14, 15, 16];[13, 14, 15, 16];;;
935683.jpg;[5, 6];[2, 5, 6];;;
935809.jpg;[2, 3, 6, 7];[2, 6, 7];;;
934695.jpg;[6, 7, 9, 10, 11, 12];[5, 9, 10, 11, 12];;;
935704.jpg;[5, 6, 7];[5, 6, 7];;;
935037.jpg;[2, 6, 7, 8, 10];[2, 6, 7, 8];;;
935109.jpg;[2, 3, 6, 7, 11, 12];[7, 12];;;
934521.jpg;[7, 11];[7, 11, 15, 16];;;
935519.jpg;[5, 6, 7, 8, 9, 10];[5, 7, 9];;;
935396.jpg;[1, 2, 4, 5];[1, 2, 4, 5];;;
934526.jpg;[2, 6, 7, 10, 11];[2, 6, 10, 11];;;
934906.jpg;[2, 3, 6, 7, 11];[7, 11];;;
934349.jpg;[1, 5, 9];[9];;;
935380.jpg;[5];[1, 5, 8, 13];;;
934915.jpg;[3, 4, 7, 8];[2, 8];;;
934357.jpg;[6, 7, 8];[6, 7, 8];;;
934955.jpg;[1, 5, 7, 8];[5, 7, 8];;;
934965.jpg;[2, 6, 8];[2, 6, 8];;;
935318.jpg;[6, 7];[7];;;
934506.jpg;[6, 7, 10, 11, 14, 15];[0];;;
935985.jpg;[5, 9, 12, 13];[5, 9, 12, 13];;;
934877.jpg;[5, 6, 7, 8];[5, 6, 7, 8];;;
934865.jpg;[1, 2, 3, 4];[1, 2, 3, 4];;;
934524.jpg;[3, 7];[7, 10];;;
934446.jpg;[9, 11];[9, 11];;;
935492.jpg;[10, 11];[10, 11, 12];;;
935395.jpg;[5, 6, 7];[7];;;
935623.jpg;[7, 11, 15, 16];[7];;;
935198.jpg;[9, 11];[9, 10, 11, 12];;;
935085.jpg;[6, 7, 10, 11];[0];;;
935139.jpg;[1, 5, 8];[5, 8];;;
934369.jpg;[4, 5, 9];[4, 9];;;
934389.jpg;[3, 4, 7, 8, 12];[3, 7, 8, 12];;;
935517.jpg;[8, 12];[8];;;
935394.jpg;[5, 8];[5, 8];;;
934946.jpg;[1, 8];[1, 8];;;
934604.jpg;[5, 7, 9, 10, 11, 12];[4, 5, 10, 11];;;
935919.jpg;[13, 14, 15, 16];[13, 14, 15, 16];;;
934402.jpg;[8, 9, 10, 12];[7, 8, 9, 10, 12];;;
935178.jpg;[5, 6, 9, 10];[6, 9, 10];;;
935780.jpg;[2, 3, 6, 7];[2];;;
934392.jpg;[5, 8, 10, 11];[5, 8, 10];;;
935979.jpg;[5, 6, 7];[5, 6, 7, 12];;;
935312.jpg;[1, 3, 4];[0];;;
935756.jpg;[2, 3, 6, 7];[6];;;
935544.jpg;[7, 11];[7, 11];;;
935097.jpg;[5, 8, 10, 11, 12];[5, 10, 11, 12];;;
934921.jpg;[6, 7];[6, 7];;;
934758.jpg;[2, 6];[6];;;
935481.jpg;[6, 7, 8, 12];[6, 7, 9];;;
935315.jpg;[9, 10, 11, 15];[11];;;
935981.jpg;[1, 2, 5, 6, 7, 8];[5, 6, 7];;;
935391.jpg;[3, 4];[3, 4];;;
935505.jpg;[5, 6, 8];[5, 6, 8];;;
934797.jpg;[4, 7];[5, 7];;;
934377.jpg;[9, 10, 15];[10];;;
934891.jpg;[4, 6, 8];[6, 8, 9];;;
935344.jpg;[5, 6, 7, 8, 9, 11, 12];[5, 6, 8, 9, 11];;;
935580.jpg;[5, 9];[9];;;
935930.jpg;[6, 10];[6, 10, 11];;;
935611.jpg;[5, 6, 7, 12];[5, 6, 9, 12];;;
934985.jpg;[3, 7];[7, 14];;;
934898.jpg;[9, 10, 11, 12];[9, 10, 11, 12];;;
935161.jpg;[2, 3, 6, 7];[7, 10];;;
935669.jpg;[5, 6, 10, 11, 12];[8, 10, 11, 12];;;
934486.jpg;[2, 3, 6, 7];[6, 7, 10];;;
935506.jpg;[1, 4, 8];[1, 4, 8];;;
935263.jpg;[5, 9, 11, 12];[9, 11];;;
935814.jpg;[2, 3, 4];[2, 3, 4];;;
934692.jpg;[2, 3, 7, 11, 15];[2, 3, 7, 11, 15];;;
935101.jpg;[2, 3, 6, 7, 10, 11, 14, 15];[0];;;
935932.jpg;[2, 3, 6, 7];[6, 7, 8];;;
935652.jpg;[3, 4, 7, 8];[7];;;
935250.jpg;[];[9, 11];;;
934652.jpg;[6, 7, 10, 11];[6, 7, 10, 11];;;
934786.jpg;[2, 3, 4];[2, 3, 4];;;
935878.jpg;[9, 11];[9, 11, 16];;;
934683.jpg;[5, 6, 7, 12];[3, 5, 6, 7, 12];;;
935561.jpg;[1, 3, 5, 6, 7, 8];[1, 5, 7, 8];;;
935076.jpg;[5, 6, 8, 9, 10, 12];[5, 9, 12];;;
935066.jpg;[1, 5, 6, 7, 9, 10, 11];[5];;;
934445.jpg;[7, 8, 10, 11];[7, 8, 10, 11];;;
935894.jpg;[7, 10, 11];[10, 11];;;
934497.jpg;[1, 2, 5, 6, 7, 11];[2, 7, 11];;;
935278.jpg;[13, 16];[13, 16];;;
935006.jpg;[3, 4, 7, 8, 13];[4, 13, 15];;;
934755.jpg;[2, 6, 7, 10];[10];;;
934527.jpg;[1, 2, 5, 6, 9];[5];;;
935779.jpg;[1, 5, 6, 8];[5, 6, 8];;;
935639.jpg;[6, 7];[6, 11];;;
935616.jpg;[6, 7, 8];[6, 7, 8];;;
935901.jpg;[4, 6, 8, 9, 10];[4, 8];;;
935018.jpg;[6, 7, 8];[6, 7, 8];;;
935058.jpg;[1, 2, 3, 4, 5, 6, 7, 8];[6, 8];;;
934540.jpg;[6, 7, 10, 11];[6, 10, 12];;;
935942.jpg;[3, 7];[7];;;
935449.jpg;[3, 7];[3, 5, 7];;;
935592.jpg;[10, 11, 15];[10, 11, 15];;;
935902.jpg;[7, 11, 16];[7, 10, 11, 12, 16];;;
935427.jpg;[5, 8, 9, 12];[5];;;
935745.jpg;[2, 6];[0];;;
935874.jpg;[7];[7];;;
935807.jpg;[9, 10, 11, 12];[9, 10, 11, 12];;;
934989.jpg;[6, 7, 8];[6, 7, 8];;;
934999.jpg;[9, 10, 11, 12];[9, 10, 11, 12, 13];;;
934855.jpg;[10, 11, 12];[10];;;
935563.jpg;[5, 6];[5, 6];;;
934515.jpg;[2, 6, 7];[6, 7];;;
935162.jpg;[6, 10, 12];[12];;;
934792.jpg;[5, 7, 8, 9, 11, 12];[9, 11, 12];;;
935172.jpg;[2, 3, 6, 7, 10, 11];[7, 10];;;
934396.jpg;[1, 5, 16];[1, 5, 16];;;
935053.jpg;[5, 8, 12];[5];;;
934812.jpg;[4, 6, 8, 9, 10, 12];[8, 9, 10, 12, 14];;;
935026.jpg;[1, 2, 4, 5, 8];[2, 4, 5, 8];;;
935636.jpg;[2, 6, 10];[1, 2, 6, 10];;;
935052.jpg;[1, 8, 12];[1, 8, 12];;;
935236.jpg;[3, 4, 8];[4];;;
934689.jpg;[1, 2, 8];[1, 2, 8];;;
934839.jpg;[6, 8, 10, 11];[6, 8, 9, 10, 11];;;
934995.jpg;[2, 3, 6, 7];[2, 5, 6];;;
935886.jpg;[7, 8, 9, 12];[12];;;
934993.jpg;[3, 5, 8];[3, 5, 8];;;
934903.jpg;[5, 6, 7, 8];[5, 6, 7];;;
934947.jpg;[4, 5];[4, 5];;;
934882.jpg;[9, 10, 11, 16];[10, 11, 16];;;
935550.jpg;[11, 12, 15, 16];[11, 15, 16];;;
935375.jpg;[1, 2, 5, 6, 8, 12];[5, 6, 12];;;
935620.jpg;[3, 4, 5];[3, 4];;;
935288.jpg;[3, 6, 7, 11];[6, 7, 9, 10, 11];;;
935667.jpg;[3, 6, 7, 10, 11];[6];;;
935513.jpg;[10, 11, 12, 14, 15];[6, 8, 10, 11, 12];;;
934819.jpg;[9, 11, 12, 13, 15];[9, 12, 13];;;
935186.jpg;[2, 3, 6, 7, 10, 11, 14, 15];[1, 2, 10, 11];;;
934934.jpg;[1, 2, 3, 4, 5, 6, 7, 8];[1, 2, 7, 12];;;
935889.jpg;[1, 3, 8];[1, 3];;;
935298.jpg;[6, 7, 10, 11];[6, 7];;;
934879.jpg;[5, 6, 7, 8];[5, 7, 8];;;
935387.jpg;[2, 3, 6, 7, 10, 11, 14, 15];[0];;;
935816.jpg;[1, 3, 7];[1, 7, 13];;;
935303.jpg;[2, 6, 12];[2, 6, 12, 16];;;
934383.jpg;[5, 6, 7, 8];[5, 6, 7, 8, 12];;;
935795.jpg;[3, 4, 6, 7];[6, 7];;;
934422.jpg;[5, 6, 11];[5, 6, 11];;;
934770.jpg;[1, 4, 5, 8];[1, 4, 5, 8];;;
935457.jpg;[2, 6];[2, 6, 10, 14, 16];;;
935648.jpg;[2, 3, 4];[2, 3, 4];;;
935015.jpg;[3, 4, 7, 8];[4];;;
934500.jpg;[7, 11];[7, 11];;;
935898.jpg;[9, 10];[9, 10, 12];;;
934508.jpg;[5, 7, 9];[7, 9, 10, 11, 15];;;
934453.jpg;[6, 7, 8];[6, 7, 8];;;
934753.jpg;[1, 7, 8];[1, 8];;;
935466.jpg;[4, 8, 9, 10, 15];[4, 10, 15];;;
934852.jpg;[2, 6, 7, 8];[3, 6, 7];;;
934411.jpg;[3, 6, 7, 8];[3, 6, 8];;;
934875.jpg;[2, 3, 6, 7, 10, 11];[2, 3];;;
934980.jpg;[10, 12];[10, 12];;;
935491.jpg;[2, 6, 10];[6, 15];;;
934746.jpg;[2, 4];[4];;;
934968.jpg;[9, 12, 16];[9, 12];;;
935094.jpg;[3, 4, 7, 8, 11, 12];[0];;;
935377.jpg;[2, 3, 6];[3, 6, 10];;;
934832.jpg;[1, 2, 5, 6];[2, 16];;;
934454.jpg;[1, 3, 5, 7, 10, 11];[1, 3, 10, 11, 12];;;
934586.jpg;[7, 10, 11, 12];[8, 10, 11];;;
935711.jpg;[3, 4, 7, 8];[7, 8];;;
934945.jpg;[4, 8, 12, 16];[8, 12];;;
934555.jpg;[11, 12, 13, 15, 16];[13, 15, 16];;;
934498.jpg;[1];[1, 12];;;
934523.jpg;[6, 7];[7, 12];;;
935157.jpg;[5, 6, 7, 8];[5, 6, 7, 8];;;
934571.jpg;[1, 2, 4, 5, 7, 8];[1, 5, 7, 8];;;
934801.jpg;[5, 10, 12];[2, 5, 10, 12];;;
935518.jpg;[7, 8, 11, 12];[7, 11, 15];;;
934748.jpg;[5, 16];[5, 16];;;
934315.jpg;[12, 16];[12, 16];;;
935855.jpg;[6, 7, 10, 11];[0];;;
935610.jpg;[5, 7, 10];[5, 7];;;
935269.jpg;[1, 2, 5, 6];[2, 6];;;
935956.jpg;[2, 3, 6, 7, 10, 11, 14, 15, 16];[8, 11];;;
935734.jpg;[9, 10, 11, 12, 16];[9, 10, 11];;;
935511.jpg;[11, 12];[0];;;
935325.jpg;[5, 6, 8];[5, 6, 8, 9];;;
934741.jpg;[9, 13, 14, 16];[13, 16];;;
935230.jpg;[6, 10, 14];[6, 10];;;
935531.jpg;[1, 12, 16];[16];;;
935864.jpg;[5, 8];[5, 8, 14];;;
934559.jpg;[3, 7];[3, 7, 13];;;
935424.jpg;[2, 4, 6, 8];[1, 2, 3, 6, 7, 8];;;
934576.jpg;[5, 6, 9, 10, 11];[10, 13];;;
935801.jpg;[7, 8, 10, 11];[7, 8, 10];;;
934967.jpg;[1, 2];[1];;;
935329.jpg;[];[0];;;
935761.jpg;[9, 10, 11, 12];[9, 10, 11, 12];;;
934404.jpg;[1, 7];[1, 7];;;
935107.jpg;[3, 4];[1, 3, 4, 8];;;
935280.jpg;[2, 3];[2, 3];;;
935036.jpg;[7, 9, 11, 13];[2, 7, 13];;;
934590.jpg;[3];[3, 4];;;
935828.jpg;[11];[11];;;
935749.jpg;[];[16];;;
935721.jpg;[3, 7];[3, 7];;;
934863.jpg;[1, 2, 7, 12];[1, 2, 7, 12];;;
934460.jpg;[2, 6];[6];;;
934904.jpg;[2, 6];[6];;;
935304.jpg;[9, 10, 11, 12];[8, 10, 11, 12];;;
935774.jpg;[9, 10];[9, 10, 15];;;
935759.jpg;[5, 6, 7, 8];[6, 7, 8];;;
935187.jpg;[10, 11];[10];;;
934603.jpg;[2, 11, 12];[9, 12];;;
935415.jpg;[5, 6, 7, 8];[5, 6, 8];;;
935768.jpg;[6, 7, 10, 11, 14, 15];[7, 11];;;
935397.jpg;[7, 8];[7, 8];;;
935385.jpg;[6, 7];[0];;;
935983.jpg;[3, 4, 5, 8];[3, 4, 5, 8];;;
935125.jpg;[1, 2, 5, 6, 9, 10];[1, 2, 9, 10, 12, 16];;;
935911.jpg;[5, 7, 11];[5, 7, 11];;;
935032.jpg;[5, 6, 7, 8];[5, 6, 7];;;
934671.jpg;[5, 8, 9];[5, 8, 9];;;
935333.jpg;[1, 2, 3, 4];[1, 2, 4];;;
934804.jpg;[1, 5, 8, 12];[5, 12];;;
935011.jpg;[2, 3, 4, 8];[3, 4, 6, 8];;;
935681.jpg;[4, 8];[4, 5, 6, 8];;;
935138.jpg;[4, 5, 6];[4, 5];;;
934376.jpg;[1, 2, 5, 6];[0];;;
935197.jpg;[7, 8, 11, 12, 15, 16];[8, 12, 16];;;
934684.jpg;[6, 10, 14];[0];;;
934477.jpg;[5, 7, 12];[5, 7, 12];;;
935893.jpg;[3, 4, 7, 8];[7, 13];;;
935680.jpg;[10, 12];[12];;;
934663.jpg;[2, 3, 6, 9, 10, 12, 14, 16];[3, 5, 6, 10, 12, 14, 16];;;
935712.jpg;[5, 6, 7, 8];[2, 4, 5, 6, 7, 8];;;
934505.jpg;[1, 2, 7, 8];[3, 4, 7, 8];;;
934316.jpg;[2, 6, 10];[10, 13];;;
934901.jpg;[1, 2, 5, 6];[6];;;
935493.jpg;[1, 2, 8];[1, 2, 4, 8];;;
935612.jpg;[5, 6, 9, 10];[9, 10, 14];;;
934893.jpg;[7, 8];[7, 8];;;
935445.jpg;[5, 6, 7, 8];[5, 6, 7, 8];;;
934672.jpg;[1, 2, 4];[2, 4, 5];;;
934452.jpg;[3, 7, 15, 16];[3, 7];;;
934874.jpg;[10, 11, 12];[10];;;
934386.jpg;[6, 7, 10, 11];[6, 11];;;
935016.jpg;[7, 11, 15];[7, 11];;;
935702.jpg;[3, 7, 11, 12];[7, 11, 16];;;
935488.jpg;[1, 2, 3];[5, 9];;;
934726.jpg;[2, 4, 9];[2, 4, 9, 16];;;
934344.jpg;[2, 3, 6, 7, 10, 11];[2, 10, 11];;;
935048.jpg;[6, 7, 8];[6];;;
935446.jpg;[3, 7, 11];[3, 6, 7, 11];;;
935314.jpg;[5, 10];[5, 8, 10];;;
934734.jpg;[5, 6, 7, 12];[9, 12];;;
935921.jpg;[4, 8];[4, 7, 8];;;
934656.jpg;[8, 12];[0];;;
935244.jpg;[5, 6, 8, 12];[5, 6, 13];;;
935051.jpg;[2, 3, 6, 7, 10, 11];[2, 6, 11, 12];;;
935701.jpg;[2, 3, 4, 6, 7, 8, 10, 11];[9];;;
935670.jpg;[6, 10];[6, 10];;;
935098.jpg;[1, 2, 3, 5, 6, 7, 9, 10, 11];[13];;;
934602.jpg;[7, 11];[7];;;
935694.jpg;[10, 11, 14, 15];[15];;;
935772.jpg;[6, 7];[5, 6, 7];;;
935126.jpg;[2, 4];[2, 4];;;
934531.jpg;[2, 5, 6];[5, 6];;;
935740.jpg;[1, 5, 6, 9, 10];[1, 5, 10];;;
934729.jpg;[2, 6, 8];[2, 6, 8, 9];;;
935928.jpg;[7, 11];[7];;;
935412.jpg;[1, 2];[2];;;
935873.jpg;[4, 5];[1, 4, 5];;;
935463.jpg;[1, 2, 3, 4, 6, 8];[1, 2, 3, 4, 5, 6, 8];;;
934572.jpg;[10, 11];[11];;;
935295.jpg;[2, 3, 6, 7];[2, 10];;;
934813.jpg;[1, 2, 3, 6, 7, 12];[2, 3, 12];;;
935267.jpg;[5, 8, 9, 11, 12];[5, 9, 11, 12];;;
935929.jpg;[6, 7];[6, 7, 8];;;
935355.jpg;[6, 8, 10, 12];[10];;;
935245.jpg;[6, 7, 9, 10, 11];[7, 9, 10, 11, 15];;;
935986.jpg;[8, 9, 12, 13, 16];[8, 11, 12, 13];;;
935381.jpg;[5, 6, 9, 10];[9];;;
934977.jpg;[1, 2, 5, 6, 9, 10];[1, 5, 6, 12];;;
935155.jpg;[5, 9];[5, 9, 12];;;
935258.jpg;[3, 4, 7, 8, 11, 12];[4, 7, 8, 11, 12];;;
934323.jpg;[5, 8];[5, 8, 14];;;
935004.jpg;[5, 6, 7, 8];[5, 6, 7, 8];;;
935764.jpg;[14, 15];[14, 15, 16];;;
935602.jpg;[9, 10, 11];[0];;;
935483.jpg;[6, 7, 8, 12];[6, 7];;;
935744.jpg;[4, 8, 12];[12, 15];;;
935308.jpg;[9, 10, 11, 15];[9, 10, 15];;;
935913.jpg;[3, 7];[7];;;
934399.jpg;[1, 5, 12];[5];;;
934470.jpg;[6, 7];[6, 7];;;
935384.jpg;[6, 7];[6, 7];;;
934650.jpg;[2, 3, 4];[2, 3, 4];;;
935993.jpg;[3, 7, 11];[7];;;
935536.jpg;[1, 3, 5, 8];[0];;;
935356.jpg;[5, 7, 11];[7, 11];;;
934791.jpg;[5, 6, 7, 8];[5];;;
935477.jpg;[5, 7, 8];[7];;;
934358.jpg;[9, 14, 15];[9, 14, 15, 16];;;
935348.jpg;[1, 2, 3, 7];[1, 2, 3, 4, 8];;;
935843.jpg;[6, 8, 12];[6, 8];;;
934905.jpg;[1, 2, 3];[1, 2, 3];;;
935655.jpg;[2, 6, 10];[0];;;
935881.jpg;[9, 10, 12];[9, 10, 12];;;
935897.jpg;[9, 10];[9, 10];;;
934429.jpg;[1, 3, 5, 7];[1, 5, 7, 12];;;
935844.jpg;[5, 6, 11, 12];[5, 6, 12];;;
935849.jpg;[6, 7, 9];[6, 7, 11, 12];;;
935149.jpg;[2, 6, 7];[6, 7];;;
935663.jpg;[6, 10, 11];[11];;;
935820.jpg;[5, 12, 16];[0];;;
935845.jpg;[5, 6];[5, 6, 8];;;
935046.jpg;[13, 14, 15, 16];[13, 14, 15];;;
934724.jpg;[5, 6];[5];;;
935320.jpg;[1, 5];[10, 11, 12];;;
934740.jpg;[11, 12, 15, 16];[0];;;
935224.jpg;[9, 11, 12, 13];[9, 11, 12];;;
935718.jpg;[7, 8, 11, 12];[11];;;
934570.jpg;[1, 2, 4, 8];[2, 8];;;
935062.jpg;[6, 10];[6, 10, 11, 12];;;
935435.jpg;[2, 3];[2, 3];;;
935869.jpg;[1, 4, 5, 8];[1, 4, 8];;;
934912.jpg;[6, 10, 14];[5, 12];;;
934359.jpg;[5, 6, 7, 8, 12];[5, 6, 7];;;
935789.jpg;[4, 8];[4, 8];;;
935087.jpg;[6, 7, 8];[6, 7, 8];;;
935074.jpg;[2, 3, 6, 7, 8];[16];;;
935900.jpg;[5, 6, 7, 8, 11, 12];[4, 5, 6, 7, 8, 12];;;
935429.jpg;[7, 8, 12];[12];;;
935118.jpg;[13, 14, 15, 16];[13, 14, 15, 16];;;
934457.jpg;[10, 11, 12];[10, 11];;;
935322.jpg;[2, 3, 6, 7, 10, 11];[2, 6, 10, 12];;;
934547.jpg;[2, 3, 6, 7];[7];;;
935988.jpg;[4, 6, 7, 8];[4, 5, 6, 7, 8];;;
934371.jpg;[2, 3];[2, 3, 5];;;
935163.jpg;[11, 15];[7, 11, 14, 15];;;
934880.jpg;[1, 7, 8];[1, 7, 8];;;
935606.jpg;[2, 4, 6, 8];[2, 8];;;
934853.jpg;[1, 3, 4, 5, 8];[1, 3, 4, 5, 8];;;
934565.jpg;[5, 6];[0];;;
934867.jpg;[5, 7, 8, 10];[5, 10];;;
935154.jpg;[5, 6, 7, 8];[6, 7, 8, 11];;;
935324.jpg;[1, 2, 3, 4];[2, 3];;;
934884.jpg;[6, 7, 8];[6, 7, 8];;;
935925.jpg;[2, 4, 5, 6];[2, 4, 5, 11];;;
934637.jpg;[7];[7];;;
935810.jpg;[6, 9, 10];[9, 10];;;
935321.jpg;[6, 12, 16];[6];;;
935020.jpg;[7, 8, 11, 12];[4, 7, 8, 12, 16];;;
934742.jpg;[1, 2, 5, 6, 9, 10, 13, 14];[1, 2, 5, 6, 10];;;
934737.jpg;[10, 11, 12];[10, 11, 12];;;
935310.jpg;[9, 10, 11, 12];[9, 10, 11, 12];;;
935479.jpg;[1, 2, 3, 5, 6, 7];[6, 13];;;
935229.jpg;[2, 6, 10];[6];;;
934752.jpg;[2, 5, 6, 9, 10, 11, 14, 15];[5, 6, 9, 10];;;
935496.jpg;[3, 4, 9, 12];[9, 12];;;
934366.jpg;[1, 3, 4, 5, 7, 8];[3, 8];;;
935086.jpg;[1, 3, 4, 5, 6];[1, 3, 4, 6];;;
934653.jpg;[9, 10, 12, 16];[0];;;
935291.jpg;[5, 6, 7, 9, 10, 11];[5, 11];;;
935624.jpg;[2, 3, 6, 7, 10, 11];[6, 7];;;
934667.jpg;[5, 6];[5];;;
935808.jpg;[2, 6, 10];[15];;;
935030.jpg;[5, 7, 8];[5, 7, 8];;;
935221.jpg;[2, 3, 4, 8];[2, 4, 8];;;
935641.jpg;[2, 3];[2, 3];;;
935857.jpg;[6, 8];[6, 8, 15];;;
934962.jpg;[3, 7, 11];[1, 3, 7, 11];;;
935362.jpg;[1, 2, 3, 4, 8];[2, 4, 8];;;
934616.jpg;[5, 6, 7, 8];[5, 6, 8];;;
934763.jpg;[5, 6, 7, 11, 12];[6, 7, 12, 13];;;
934820.jpg;[9, 10, 11, 15];[9, 10, 11];;;
934567.jpg;[4, 8];[4, 8, 16];;;
934513.jpg;[5, 6, 8];[5, 6, 8];;;
934574.jpg;[9, 10, 11];[9, 10, 11, 12];;;
935217.jpg;[2, 3, 6, 7, 10];[2, 3, 7, 10];;;
934926.jpg;[6, 7, 10, 11, 14, 15];[6, 16];;;
935760.jpg;[5, 6, 8];[5, 8];;;
935767.jpg;[5, 6, 8, 12];[5, 6, 12];;;
934518.jpg;[9, 10, 13, 14, 15, 16];[14, 16];;;
935614.jpg;[1, 5, 7, 11];[5, 7, 11];;;
934613.jpg;[3, 4, 7, 8, 11, 12, 15, 16];[3];;;
934617.jpg;[9, 11];[9, 11];;;
934355.jpg;[9, 10, 13, 14];[9, 13];;;
934843.jpg;[3, 4, 7, 8];[7];;;
934940.jpg;[9, 11, 12];[9];;;
935181.jpg;[2, 3];[2, 3];;;
934354.jpg;[3, 7];[3, 7];;;
934721.jpg;[5, 9, 10, 11, 12];[9, 11];;;
935557.jpg;[2, 6];[0];;;
934751.jpg;[1, 2, 3, 4, 5];[1, 2, 3, 4, 5];;;
935657.jpg;[5, 6, 7, 8];[5, 6, 7, 8];;;
934897.jpg;[1, 3, 4];[1, 6];;;
934927.jpg;[1, 2, 3];[1];;;
935071.jpg;[9, 15];[9, 15];;;
934485.jpg;[10, 11, 12, 14, 15, 16];[10, 11, 14];;;
934431.jpg;[6, 7, 10, 11];[6];;;
934352.jpg;[7, 8, 11];[7, 8, 11];;;
935469.jpg;[6, 7];[6, 7];;;
934615.jpg;[5, 10, 11, 12];[5, 10, 11, 12];;;
935522.jpg;[1, 2, 3, 12];[2, 3, 8, 12];;;
935630.jpg;[4, 8, 12, 16];[0];;;
935131.jpg;[3, 5, 7, 8];[5, 7, 8];;;
934472.jpg;[7, 8, 9, 10];[7, 8, 9, 10];;;
935093.jpg;[5, 9, 11, 15];[9, 11, 13, 15];;;
935716.jpg;[1, 2, 6, 8];[6, 8];;;
935057.jpg;[3, 5, 6, 7];[3, 5, 6];;;
935060.jpg;[6, 7, 8];[6, 7, 8];;;
934973.jpg;[1, 2, 3];[1, 2, 3, 4];;;
934800.jpg;[1, 2, 4, 5, 6, 8];[1, 4, 5, 8];;;
935851.jpg;[5, 9];[5, 9];;;
935311.jpg;[3, 7];[0];;;
934732.jpg;[5, 6, 7, 8];[5, 6, 7, 8];;;
934398.jpg;[2, 3, 6, 7, 10, 11];[0];;;
934661.jpg;[7, 9, 12];[7, 9, 12];;;
935480.jpg;[6, 7, 10];[4, 6, 7, 10];;;
935934.jpg;[5, 6, 11];[5];;;
934818.jpg;[5, 6, 8, 10];[6, 8, 10];;;
935360.jpg;[1, 2, 3, 4, 6, 7];[1, 7, 12];;;
935214.jpg;[4, 8];[0];;;
934788.jpg;[2, 10, 14];[2, 10, 14];;;
934564.jpg;[2, 3, 6, 7, 10, 11];[0];;;
935158.jpg;[5, 6];[6, 14];;;
935260.jpg;[1, 2, 3, 4];[1, 2, 3, 4];;;
935223.jpg;[5, 6, 9, 10];[5, 6, 16];;;
934412.jpg;[5, 9, 12, 16];[9, 16];;;
934814.jpg;[5, 8, 12];[5, 9, 12];;;
935080.jpg;[1, 2, 8];[1, 2, 8];;;
935393.jpg;[1, 2, 4, 5, 6, 8];[4, 5, 6];;;
935708.jpg;[1, 2];[1, 2];;;
935863.jpg;[5, 7];[5, 7, 12];;;
934992.jpg;[14, 15, 16];[14, 15, 16];;;
934473.jpg;[10, 11, 12];[10, 11, 12];;;
935697.jpg;[11];[8, 11];;;
934705.jpg;[5, 6, 7];[5];;;
935455.jpg;[6, 8];[6, 7, 8, 9];;;
934551.jpg;[4, 5, 8];[4, 5, 8];;;
935906.jpg;[5, 6, 7, 8];[6, 7, 8];;;
935909.jpg;[6, 7];[6, 7];;;
935404.jpg;[1, 2, 3, 4, 5, 6, 8];[6];;;
934799.jpg;[10, 11];[14];;;
935773.jpg;[2, 3, 6, 7, 10, 11];[10];;;
935302.jpg;[1, 5, 7, 11];[11];;;
934406.jpg;[2, 3, 6, 7];[2, 6];;;
935598.jpg;[2, 6, 10];[0];;;
935545.jpg;[1, 3, 8, 12];[1, 3];;;
934952.jpg;[2, 3, 4, 8];[2, 3, 4, 8];;;
935199.jpg;[1, 9, 10, 15];[1, 9, 10, 11];;;
935201.jpg;[1, 2, 5, 6, 7];[1, 2, 3, 5, 6, 7, 13];;;
934619.jpg;[1, 5, 6, 8];[1, 6, 8];;;
934870.jpg;[13, 14, 16];[16];;;
935368.jpg;[11, 15];[11, 15];;;
934578.jpg;[10, 11, 12];[11, 12, 13];;;
935289.jpg;[10, 11, 12, 16];[10, 11, 16];;;
934776.jpg;[1, 5];[0];;;
934587.jpg;[6, 7, 10, 11];[11];;;
935726.jpg;[1, 5];[5];;;
934795.jpg;[3, 8];[8, 13];;;
935822.jpg;[2, 6, 10];[0];;;
935613.jpg;[3, 4, 5, 7, 8];[5, 6, 7];;;
935108.jpg;[2, 3, 6, 7, 11];[4, 5];;;
935231.jpg;[1, 2, 8];[1, 2, 3, 8];;;
935951.jpg;[5, 6, 7, 8, 11, 12];[5, 6, 7, 16];;;
935583.jpg;[5, 6, 8, 9, 12];[5, 9];;;
935838.jpg;[2, 3, 6, 7, 10, 11, 14, 15];[0];;;
935220.jpg;[2, 3, 6, 7];[2, 3, 6];;;
935233.jpg;[5, 6, 7, 9, 12];[6, 7, 9];;;
934988.jpg;[9, 10, 13, 14, 16];[13, 14, 16];;;
934678.jpg;[9, 12];[9, 11];;;
935207.jpg;[10, 11, 12];[10, 12];;;
935558.jpg;[6, 8];[8];;;
935166.jpg;[1, 2, 5, 6, 9, 13];[0];;;
935205.jpg;[1, 5, 15];[1, 5, 15];;;
934482.jpg;[10, 11, 14, 15, 16];[16];;;
935063.jpg;[1, 5, 8, 11];[5, 7, 8, 11];;;
935752.jpg;[10, 11, 12];[10, 11];;;
934347.jpg;[1, 5, 12];[1, 7, 12, 16];;;
934480.jpg;[7, 11];[7, 11];;;
934821.jpg;[1, 2, 7, 8, 11, 12];[1, 2, 7, 12];;;
934629.jpg;[1, 5, 7];[1, 5, 7, 11, 12, 14];;;
935104.jpg;[5, 6, 7, 8, 9];[6, 7, 8];;;
935169.jpg;[5, 9];[9];;;
935025.jpg;[1, 2, 7, 8];[1, 2, 7, 8];;;
935357.jpg;[7];[7];;;
935821.jpg;[5, 7, 11, 12];[5, 6, 11, 12];;;
935345.jpg;[8, 11, 12];[11];;;
935840.jpg;[9, 10, 11, 12];[9, 10, 11, 12];;;
934594.jpg;[5, 7, 10];[3, 5, 6, 7, 10];;;
935850.jpg;[5, 6, 7, 9];[5, 6, 7];;;
935559.jpg;[6, 7, 8];[8, 9];;;
935001.jpg;[1, 2, 5, 6, 9, 10, 13, 14];[0];;;
935410.jpg;[1, 4, 6, 8];[1, 4, 6, 8];;;
935286.jpg;[6, 7, 8, 10];[7, 8, 10];;;
935176.jpg;[10, 11, 12, 16];[10, 11, 12];;;
934699.jpg;[2, 4, 6, 8];[6, 8];;;
934918.jpg;[1, 5, 6, 8, 10, 12];[1, 5, 6, 10, 11, 12];;;
934806.jpg;[1, 2, 5, 6, 9, 10, 14];[4, 5, 6, 9, 14];;;
934333.jpg;[2, 3, 7, 8, 11, 12];[2, 3, 11, 12];;;
935991.jpg;[5, 6, 7, 8];[5, 6, 7, 8];;;
935332.jpg;[9, 10, 11];[11];;;
935022.jpg;[3, 8];[3, 6, 8];;;
935862.jpg;[2, 3, 6, 7, 10, 11, 14, 15];[9];;;
934836.jpg;[3, 7];[2];;;
935964.jpg;[4];[4];;;
935462.jpg;[7, 11];[7];;;
935987.jpg;[5, 6, 12];[5, 6, 12];;;
935582.jpg;[2, 3, 4, 8];[2];;;
935675.jpg;[5, 6, 7, 8];[4, 5, 6, 7, 8];;;
935194.jpg;[2, 3, 6, 7, 10, 11];[0];;;
935516.jpg;[9, 10, 12, 16];[9, 10, 11];;;
935617.jpg;[4, 6, 8, 10];[4, 6];;;
934610.jpg;[5, 7, 8];[0];;;
935208.jpg;[1, 5, 9];[5];;;
934378.jpg;[6, 7];[6];;;
935151.jpg;[6, 7, 10, 11, 14, 15];[7, 9, 10, 11];;;
935045.jpg;[9, 11, 12];[9];;;
934731.jpg;[5, 7, 9, 11, 12];[5, 11, 12];;;
934759.jpg;[5, 6, 7, 9, 10, 11, 13, 14, 15];[2, 9, 10, 13, 14];;;
934829.jpg;[6, 10];[6, 10];;;
935212.jpg;[1, 2, 3, 4];[2];;;
935024.jpg;[2, 6, 7, 11];[6, 7, 8, 12];;;
935796.jpg;[3, 6, 7, 10, 13, 16];[3, 7, 10];;;
935056.jpg;[3, 4, 7, 8, 11, 12];[8, 11, 12];;;
935458.jpg;[1, 2, 3, 4];[1, 2, 3, 4];;;
935167.jpg;[2, 3, 4, 5];[2, 3, 5];;;
935096.jpg;[7, 8];[7, 8];;;
934682.jpg;[7, 8];[7, 8];;;
934923.jpg;[5, 7, 9, 11];[5, 7, 9];;;
934529.jpg;[1, 2, 7, 8];[1, 2, 7, 8];;;
934364.jpg;[5, 9, 10, 11, 12];[9, 11, 12];;;
935573.jpg;[5, 7];[5, 7, 9];;;
935373.jpg;[1, 5, 6, 7, 8];[7, 8];;;
935854.jpg;[2, 7, 8];[2, 5, 7, 8];;;
935741.jpg;[9, 11, 12, 13];[9, 10, 11, 13];;;
934374.jpg;[2, 3, 6, 7];[10, 14];;;
934873.jpg;[6, 8, 9, 10];[8, 9, 10];;;
935406.jpg;[7, 9, 12];[7, 9, 12];;;
934528.jpg;[1, 5];[4, 5, 8];;;
935299.jpg;[7, 9, 12];[9, 12];;;
935585.jpg;[6, 7, 8];[6, 7, 8];;;
935272.jpg;[1, 2, 3, 4];[1, 2, 4];;;
934618.jpg;[1, 3, 4];[1, 3, 4];;;
935579.jpg;[2, 3, 6, 7];[6, 7];;;
935510.jpg;[6, 10, 13, 14];[6];;;
935336.jpg;[5, 9, 11, 12];[9, 11, 12];;;
935915.jpg;[13, 15];[11, 13, 15];;;
935793.jpg;[1, 2, 7, 8];[2, 8];;;
935684.jpg;[1, 3, 4, 5, 7, 8];[3, 4, 5, 7];;;
934630.jpg;[2];[0];;;
935130.jpg;[3, 4, 7, 8, 11, 12];[7];;;
934711.jpg;[1, 2, 3, 4, 5, 6, 8];[3, 4];;;
935283.jpg;[1, 2, 3];[1, 2, 3];;;
935939.jpg;[6, 8];[6, 8];;;
934837.jpg;[1, 2, 3, 4];[0];;;
935430.jpg;[1, 3, 5];[3, 5];;;
934655.jpg;[1, 2, 6, 7];[1, 6, 7];;;
934606.jpg;[2, 3, 4, 5, 8];[2, 3];;;
935917.jpg;[3, 4, 7, 8, 11, 12, 15, 16];[15];;;
934340.jpg;[1, 5];[5, 15];;;
935184.jpg;[5, 6, 7];[5, 6, 7];;;
934373.jpg;[1, 4, 5, 6, 7, 8];[6, 7, 8];;;
935284.jpg;[9, 10];[9, 10, 16];;;
935219.jpg;[5, 6, 7, 8, 9];[5, 7, 8, 9];;;
935682.jpg;[5, 7];[5, 7];;;
934495.jpg;[5, 6, 7, 9];[6, 7];;;
934713.jpg;[9, 10, 11, 12];[9, 10, 11, 12];;;
934641.jpg;[2, 3, 6, 7];[2, 6];;;
935958.jpg;[5, 7, 9, 11];[5, 7, 11];;;
935769.jpg;[2, 3, 6, 7, 10, 11];[6, 7, 10];;;
935414.jpg;[2, 3];[2, 3];;;
935452.jpg;[];[0];;;
934501.jpg;[1, 5, 6, 7, 10, 11];[5, 10, 11, 15];;;
935423.jpg;[6, 10, 11, 15];[10, 11];;;
935839.jpg;[9, 11, 12, 13, 15, 16];[9, 13];;;
934563.jpg;[1, 2, 5, 6, 10, 11, 14, 15];[2, 6, 15];;;
935578.jpg;[2, 3, 6, 7];[2, 3, 7];;;
934391.jpg;[5, 6, 7, 9, 10, 11, 12];[5, 8, 10, 11, 12];;;
934607.jpg;[1, 5, 9];[5, 13];;;
934902.jpg;[5, 6, 7, 8, 12];[5, 6, 9];;;
935143.jpg;[1, 2, 5, 6, 9, 10];[12];;;
934730.jpg;[1, 3, 5];[3, 5, 8];;;
934688.jpg;[6, 10, 16];[6];;;
934997.jpg;[5, 6, 8, 9, 10, 12];[5, 6, 11, 12];;;
934387.jpg;[5, 11, 15];[5, 11, 15];;;
935628.jpg;[5, 6, 7];[7];;;
934623.jpg;[5, 9, 11, 12, 16];[9, 11, 13, 15, 16];;;
934844.jpg;[1, 3];[1, 3, 8];;;
934942.jpg;[7, 8, 11, 12];[7, 12];;;
935706.jpg;[1, 2, 3, 4];[1, 2, 3, 4];;;
935762.jpg;[6, 8];[6, 8];;;
935642.jpg;[1, 3, 5, 7];[1, 3, 7, 11];;;
935366.jpg;[3, 7];[3];;;
935547.jpg;[2, 6, 8, 10, 12, 14];[2, 6, 10, 12];;;
935403.jpg;[10, 11];[9, 10, 11, 12];;;
935695.jpg;[8, 12];[12];;;
935012.jpg;[];[0];;;
935392.jpg;[2, 4, 5];[2, 4, 5];;;
934658.jpg;[9, 12];[9, 12];;;
935402.jpg;[1, 2, 5, 8];[1, 2, 5, 8];;;
934375.jpg;[1, 2, 3, 5, 6, 7];[0];;;
935920.jpg;[6, 10];[6];;;
934928.jpg;[1, 2, 3, 4];[1, 2, 4];;;
935218.jpg;[1, 2];[8];;;
934754.jpg;[1, 4, 5];[4, 5];;;
934393.jpg;[9, 11, 12, 16];[9, 11];;;
934847.jpg;[3, 4, 7, 8];[7, 8];;;
935437.jpg;[1, 2, 3];[1, 2, 3];;;
935507.jpg;[10, 12];[9, 10, 12];;;
934325.jpg;[5, 6, 7, 9, 12];[6, 7, 9, 10, 12];;;
935484.jpg;[2, 11, 12];[2, 11, 12, 15];;;
934609.jpg;[5, 7, 8];[5, 7, 8, 10];;;
935858.jpg;[2, 3, 6, 7, 10, 11];[3, 7];;;
934562.jpg;[3, 7, 11];[0];;;
934608.jpg;[5, 6, 9, 10, 12, 16];[10, 12];;;
935656.jpg;[3, 4, 7, 8, 9];[4, 7, 8, 9];;;
935537.jpg;[7, 11];[7, 9, 11];;;
934712.jpg;[1, 5, 7, 8];[5, 8, 12];;;
934503.jpg;[3, 4, 7, 8, 11, 12, 15, 16];[0];;;
935890.jpg;[1, 3, 4, 8];[3, 4, 5, 8];;;
934628.jpg;[5, 6, 7, 8];[5, 7, 8];;;
934767.jpg;[1, 2, 5, 6, 9, 13];[0];;;
934953.jpg;[2, 7, 8];[2, 5, 7, 8];;;
935119.jpg;[5, 6, 7, 11];[5, 6, 11];;;
934549.jpg;[1, 6, 7, 8];[1, 5, 6, 7, 8];;;
935327.jpg;[1, 2];[1];;;
935775.jpg;[2, 4, 6, 8];[2, 4];;;
934991.jpg;[9, 10, 11, 12, 13, 16];[10, 11, 12, 13, 16];;;
935791.jpg;[5, 6, 7];[5, 7];;;
935246.jpg;[11, 16];[7, 11, 16];;;
935215.jpg;[9, 13, 15, 16];[13];;;
935091.jpg;[5, 6, 8];[6];;;
935955.jpg;[2, 6];[3, 6];;;
935593.jpg;[1];[1, 5];;;
934944.jpg;[2, 3, 6, 7, 11, 15];[3, 6, 7, 11, 16];;;
935937.jpg;[3, 7, 8];[7];;;
935027.jpg;[2, 6, 10];[6];;;
935727.jpg;[6, 10, 14];[6, 10, 14];;;
934996.jpg;[1, 5, 7, 8];[5, 7, 13];;;
934356.jpg;[2, 6, 8, 10, 12];[6, 8];;;
935193.jpg;[5, 6, 8];[5, 6];;;
935476.jpg;[8, 9, 11, 12];[9, 11, 12];;;
934974.jpg;[2, 6];[1, 6, 13];;;
935600.jpg;[7, 11];[7, 11, 15];;;
934548.jpg;[10, 12];[10, 12];;;
934413.jpg;[2, 4];[2, 4];;;
934327.jpg;[6, 10];[6, 10];;;
935569.jpg;[1, 2, 5, 6];[1, 2, 5, 6];;;
935870.jpg;[10, 11, 12];[10, 11, 12];;;
935268.jpg;[10, 11, 12];[10, 11, 12];;;
935413.jpg;[5, 6, 7];[6];;;
934850.jpg;[2, 4];[2, 4, 8];;;
934733.jpg;[5, 6, 7, 8];[5, 6, 7, 8];;;
934593.jpg;[5, 6, 7, 8];[5, 6, 7, 8];;;
934419.jpg;[9, 10, 11, 12];[9, 10, 11, 12];;;
935450.jpg;[7, 11];[11];;;
935428.jpg;[6, 7, 10, 11];[7];;;
934929.jpg;[9, 10];[9, 10, 11, 12];;;
934556.jpg;[];[9, 11];;;
935954.jpg;[5, 11];[11, 15];;;
935497.jpg;[1, 5, 8, 12];[1, 5, 8];;;
935742.jpg;[3];[3];;;
934450.jpg;[1, 5, 6, 9, 10];[1, 5, 9, 10];;;
934516.jpg;[1, 3, 7];[1, 7, 12];;;
934337.jpg;[5, 6, 8];[5, 6, 8, 9];;;
934896.jpg;[];[9];;;
935527.jpg;[5, 6, 8, 10];[6, 8];;;
935148.jpg;[5, 8];[5, 8];;;
935185.jpg;[5, 6, 12];[6, 8];;;
934761.jpg;[1, 2, 8];[1, 2, 5, 7, 8];;;
935075.jpg;[1, 2, 3];[1, 2, 3];;;
935290.jpg;[2, 4, 6, 8];[2, 8];;;
935495.jpg;[2, 3, 5, 7, 8];[5, 7, 8];;;
935832.jpg;[5, 6, 7, 8];[5, 6, 7];;;
935514.jpg;[3, 7];[3];;;
934773.jpg;[5, 6, 7, 8];[5, 6, 7, 8];;;
935341.jpg;[1, 3, 5];[1, 3];;;
934448.jpg;[5, 6, 7, 9, 10, 11];[0];;;
935474.jpg;[3, 5, 6, 7, 8];[5, 7, 8];;;
934871.jpg;[6, 12];[6];;;
935910.jpg;[2, 6, 7, 8, 11, 12, 13, 14];[6, 11, 14, 15];;;
934851.jpg;[1, 2, 3, 4];[1, 2, 3, 4];;;
934834.jpg;[5, 6, 7, 8];[6];;;
934435.jpg;[5, 9];[0];;;
934363.jpg;[5, 9, 12];[9, 12];;;
934581.jpg;[4, 6, 7, 8];[4, 6, 7, 8];;;
935884.jpg;[5, 7, 8];[1, 5, 7, 15];;;
935191.jpg;[2, 4, 6, 8];[6, 8];;;
935124.jpg;[6, 7, 10, 11, 14, 15];[0];;;
935156.jpg;[1, 2, 5, 6, 10];[2, 6];;;
934811.jpg;[1, 2, 3, 8];[1, 2, 3, 8];;;
935243.jpg;[5, 6, 7];[5, 6, 13];;;
934895.jpg;[5, 7, 8];[5, 7, 14, 16];;;
934690.jpg;[5, 6, 7, 8, 9];[5, 6, 7];;;
934750.jpg;[2, 6];[2];;;
934643.jpg;[6, 7, 10, 11];[11];;;
934824.jpg;[4, 6, 10];[4, 7];;;
934405.jpg;[2, 3, 6, 7, 10, 11];[2, 10, 11];;;
934614.jpg;[1, 2, 4, 5, 6];[4, 6];;;
935140.jpg;[1, 5, 6, 8];[1, 5, 6, 8];;;
935785.jpg;[2, 3, 6, 7, 10, 11, 14, 15];[0];;;
934427.jpg;[1, 2, 5, 6, 8, 12];[5, 6, 12];;;
935416.jpg;[2, 3, 4, 6, 7, 8, 10];[2, 3, 6];;;
934589.jpg;[10, 11, 12];[10, 11, 12, 15];;;
935225.jpg;[9, 10, 11, 12, 13, 15, 16];[10, 11, 12, 15, 16];;;
934919.jpg;[6, 10];[6, 10];;;
935783.jpg;[5, 6, 7, 9, 10, 11];[7, 10];;;
935127.jpg;[6, 7, 8];[6, 7, 10];;;
935918.jpg;[1, 3, 5, 6, 7, 10];[1, 3, 4];;;
935371.jpg;[2, 3, 6, 7];[2, 3, 6, 7];;;
934511.jpg;[6, 10];[6, 10, 16];;;
935183.jpg;[6, 7, 9, 11, 12];[11, 12];;;
934475.jpg;[9, 16];[9, 16];;;
935678.jpg;[1, 5, 10, 14];[1, 2, 14, 15];;;
935216.jpg;[2, 3, 6, 7];[2, 6];;;
935736.jpg;[7, 11];[7, 11];;;
935353.jpg;[7, 10, 11, 12];[10, 11, 12];;;
935968.jpg;[6, 7, 11];[6, 7];;;
934725.jpg;[5, 6, 7, 11, 12];[5, 6, 7];;;
935802.jpg;[4, 8];[4];;;
934459.jpg;[];[0];;;
935335.jpg;[5, 6, 7, 9, 12];[5, 6, 7, 9, 12];;;
935253.jpg;[6, 7, 8, 9, 10, 11, 12];[9, 11, 12];;;
934573.jpg;[5, 6, 9, 10, 11, 12];[9, 10, 11, 12];;;
935500.jpg;[5, 7];[5, 6, 7];;;
935454.jpg;[5, 6, 7];[5, 6, 7, 12];;;
935441.jpg;[6, 7, 10, 11];[6, 10, 11];;;
935707.jpg;[3, 4, 7, 8, 11, 12];[11, 12];;;
934566.jpg;[2, 3, 6, 7];[2, 3, 6, 7];;;
934620.jpg;[2, 12];[2, 4, 9, 12];;;
935317.jpg;[1, 2];[1, 11];;;
935211.jpg;[5, 8, 9, 11, 12];[8, 11];;;
934794.jpg;[9];[9];;;
934778.jpg;[2, 3, 6, 7, 10, 11];[7, 11];;;
934714.jpg;[5, 6, 7, 8];[5, 6, 7];;;
935235.jpg;[7, 8];[7, 8];;;
935228.jpg;[6, 7];[4, 5, 6, 7];;;
935305.jpg;[5, 6, 7, 8];[5, 6, 7, 8];;;
935486.jpg;[3, 7];[1, 7];;;
934665.jpg;[2, 3, 7, 8];[0];;;
934677.jpg;[2, 6];[2];;;
935927.jpg;[5, 6, 7, 8];[5, 6, 8];;;
935696.jpg;[5, 6, 8, 9];[2, 5, 6, 8];;;
935792.jpg;[5, 6, 7, 9, 10, 11, 12];[10, 11, 12];;;
934442.jpg;[5, 7, 8, 9, 12];[5, 8, 9, 12];;;
935136.jpg;[1, 2, 5, 9, 14];[1, 9, 14];;;
935803.jpg;[5, 7, 8];[5, 7, 8, 10];;;
935319.jpg;[1, 3, 5, 6, 7];[5, 6];;;
935603.jpg;[2, 6, 10, 14];[2, 3, 6, 7, 10];;;
935786.jpg;[9, 10, 11];[3, 7, 8, 9, 11, 15];;;
935296.jpg;[1, 2, 5, 6, 9, 10];[2, 10];;;
934537.jpg;[1, 2, 3, 5, 6, 7, 9, 10, 11];[0];;;
935443.jpg;[2, 3, 4, 5, 6];[2, 3, 4, 5, 6];;;
934802.jpg;[5, 6, 10, 12];[5, 6, 10, 12];;;
935005.jpg;[6, 12];[6];;;
935409.jpg;[9, 11, 12, 16];[9, 10, 11, 16];;;
935943.jpg;[5, 6];[5, 6, 12];;;
935971.jpg;[2, 6];[2, 6];;;
934467.jpg;[6, 7, 9];[6, 7, 8, 9];;;
935494.jpg;[5, 8];[5, 8];;;
935422.jpg;[9, 10];[9];;;
935800.jpg;[1, 2, 5, 6, 8, 12];[5, 6, 8, 12];;;
934370.jpg;[2, 4];[2, 4];;;
934838.jpg;[1, 3, 4];[1, 3, 8];;;
935924.jpg;[1, 3, 4, 5];[3, 5];;;
934631.jpg;[3, 5, 7];[5, 7];;;
935883.jpg;[1, 4, 5, 8];[5, 8];;;
934465.jpg;[1, 2, 5, 6, 9, 10];[2];;;
935776.jpg;[8, 10, 12];[8, 10, 11];;;
934346.jpg;[5, 9];[5, 9, 15];;;
935591.jpg;[1, 5];[1, 2, 5, 12];;;
934353.jpg;[7, 8, 12];[12];;;
934519.jpg;[1, 4];[1, 4];;;
934535.jpg;[6, 7, 8, 10, 12];[5, 7, 8, 12];;;
934670.jpg;[3, 5, 7];[1, 3, 5, 7, 16];;;
934463.jpg;[3, 7, 8];[3, 6, 7, 8];;;
934409.jpg;[3, 4, 7, 8];[4, 7, 8, 12, 16];;;
935374.jpg;[2, 6, 8];[6, 8];;;
935464.jpg;[5, 6, 7, 8, 12];[6, 12];;;
935330.jpg;[1, 3, 4, 5, 7, 8];[1, 3];;;
935853.jpg;[2, 6, 7];[2, 6, 7, 13];;;
934588.jpg;[1, 2, 4, 5, 6, 8];[6, 8];;;
934715.jpg;[6, 8];[5, 6, 8];;;
934664.jpg;[8, 12];[8];;;
935665.jpg;[1, 2, 3, 4];[1, 2, 3];;;
934660.jpg;[2, 3, 6, 7, 10, 11];[6, 7];;;
935837.jpg;[5, 9, 10, 12];[9, 10, 12];;;
935895.jpg;[5, 6, 7, 8];[5, 6];;;
935400.jpg;[1, 2, 5, 6];[0];;;
935010.jpg;[5, 6, 7, 8];[5, 6, 7];;;
934441.jpg;[5, 6, 7, 8];[0];;;
934421.jpg;[2, 3, 6, 7, 10, 11];[2];;;
934864.jpg;[2, 3, 4, 5];[2, 3, 4, 5];;;
935444.jpg;[3, 4];[4];;;
935388.jpg;[5, 7, 8];[1, 5, 8];;;
935533.jpg;[10, 11, 12, 13, 14];[10, 13];;;
935361.jpg;[7, 11];[7, 11];;;
934595.jpg;[3, 7];[3];;;
935621.jpg;[9, 11];[9, 11];;;
935660.jpg;[5, 6, 7, 8];[5, 6];;;
935189.jpg;[3, 5, 7, 8];[3, 5, 7, 8];;;
935453.jpg;[2, 3, 4, 5, 8];[2, 3, 4, 5, 8];;;
934479.jpg;[5, 6, 8, 12];[5, 6, 12];;;
935679.jpg;[6, 10];[10];;;
934681.jpg;[6, 10];[6];;;
935447.jpg;[1, 2, 3, 5, 6, 7];[7];;;
935540.jpg;[7, 11];[7, 11];;;
934781.jpg;[4, 8];[8];;;
934707.jpg;[5, 6, 7, 12];[5, 6, 7];;;
935165.jpg;[1, 2, 4];[1, 4];;;
935589.jpg;[10, 11];[8, 11, 16];;;
934592.jpg;[5, 6, 12];[5, 6, 12];;;
935590.jpg;[6, 8];[6, 8, 15];;;
935891.jpg;[2, 3];[2];;;
934492.jpg;[13, 14, 15, 16];[13, 14, 15, 16];;;
934833.jpg;[1, 5, 7, 8];[5, 7, 8];;;
935836.jpg;[7, 8, 9, 10, 11, 12, 14];[10, 11, 14];;;
935575.jpg;[9, 10, 11, 12];[10, 11, 12];;;
935867.jpg;[2, 3, 6, 7];[2, 3, 10, 14, 15];;;
934583.jpg;[5, 6, 11, 12];[5, 11, 12];;;
935146.jpg;[1, 4, 5, 6, 8];[5, 6, 8];;;
935346.jpg;[2, 3, 6, 7];[4, 7];;;
935827.jpg;[2, 4, 6, 8];[0];;;
934464.jpg;[10, 11, 12, 14];[10, 11, 12, 14];;;
934550.jpg;[9, 11, 12, 13];[11, 12];;;
934894.jpg;[10, 14];[6, 10, 14];;;
935485.jpg;[7, 8, 11, 12];[7, 11, 12];;;
934886.jpg;[3, 4, 7, 8];[8];;;
934438.jpg;[1, 2, 5, 6, 9, 10];[5];;;
935631.jpg;[5, 6, 9, 10];[5, 6, 9, 10];;;
935203.jpg;[2, 3, 5, 8];[2, 3, 8];;;
934673.jpg;[6, 7, 10, 11, 12];[11, 12];;;
935408.jpg;[6, 12];[12];;;
935953.jpg;[14, 15];[12, 14, 15, 16];;;
934517.jpg;[5, 6, 7, 8, 9, 10, 11, 12];[0];;;
935351.jpg;[10, 11, 12];[9, 10, 11];;;
934922.jpg;[1, 2, 3];[1, 2, 3];;;
934868.jpg;[3, 6, 7];[6];;;
935833.jpg;[2, 3, 6, 7];[5, 6, 7, 14];;;
935980.jpg;[1, 2, 3, 7];[1, 3, 7, 8];;;
935715.jpg;[3, 7, 11];[3, 7, 11];;;
935976.jpg;[2, 3];[1];;;
935525.jpg;[2, 4, 6, 7];[2, 7];;;
934553.jpg;[10, 11, 12];[10, 11, 12];;;
935182.jpg;[9, 12, 13, 16];[9, 12, 13, 16];;;
934976.jpg;[5, 7, 8, 9];[7, 8];;;
934659.jpg;[5, 6, 8, 9, 10, 12];[6, 8];;;
935560.jpg;[1, 2, 4, 8];[1, 2];;;
935770.jpg;[5, 6, 7];[6];;;
934611.jpg;[5, 6, 7, 8, 9, 10];[5, 8, 9];;;
934706.jpg;[1, 2, 3, 4, 5, 6, 7, 8];[5, 8];;;
935294.jpg;[10, 11, 12];[10, 11, 12];;;
935651.jpg;[4, 8, 12];[8];;;
935478.jpg;[5, 6, 7, 8];[5, 6, 7, 8];;;
934771.jpg;[2, 3, 4];[1, 2, 3, 4];;;
934319.jpg;[1];[1];;;
934639.jpg;[2, 7, 14, 15];[2, 7, 15];;;
934449.jpg;[10, 11, 14, 15];[0];;;
935266.jpg;[6, 10];[10];;;
935265.jpg;[6, 7, 10, 11, 12];[5, 11, 12];;;
935000.jpg;[3, 7];[7];;;
935313.jpg;[3, 4, 7, 8, 13];[3, 8, 13];;;
935150.jpg;[6, 9, 10, 12];[6, 10, 12];;;
935425.jpg;[3];[3];;;
934709.jpg;[2, 7];[2, 7];;;
935699.jpg;[2, 5];[2, 5];;;
934787.jpg;[12, 15, 16];[15, 16];;;
934490.jpg;[9, 10, 11];[9, 10, 11];;;
935757.jpg;[9, 11, 12, 13, 15, 16];[9];;;
935524.jpg;[1, 5, 6, 14];[1, 6, 14];;;
935720.jpg;[5, 7, 9];[2, 3, 6, 9, 12];;;
934765.jpg;[9, 10, 13, 14];[10, 14];;;
935584.jpg;[10, 11];[10, 11];;;
935588.jpg;[6, 11];[11];;;
935892.jpg;[1, 3, 4, 5];[3, 4, 5];;;
935054.jpg;[2, 3, 6, 7, 10, 11, 14, 15];[13, 15];;;
934558.jpg;[5, 6];[5, 6, 12];;;
935047.jpg;[2, 4, 6, 8];[2, 4, 6, 8];;;
935426.jpg;[9, 10, 12];[10, 12];;;
935686.jpg;[1, 2, 3, 4];[1, 2, 3, 4];;;
935399.jpg;[4, 8];[8];;;
934621.jpg;[7, 11];[7, 12];;;
935926.jpg;[7];[7];;;
934846.jpg;[5, 8, 9, 12];[9, 12, 16];;;
935343.jpg;[2, 3, 6, 7, 10, 11];[0];;;
935548.jpg;[3, 7, 11];[3, 7];;;
935710.jpg;[5, 9, 11, 12];[9, 11, 12];;;
934320.jpg;[16];[3, 5, 7, 8, 12, 16];;;
935601.jpg;[2, 6, 10];[2];;;
934979.jpg;[1, 5, 7];[5, 7];;;
934917.jpg;[7, 8, 11, 12, 15];[0];;;
934937.jpg;[9, 10, 13, 14];[14];;;
935326.jpg;[2, 3, 6, 7];[7];;;
934710.jpg;[9, 11];[9, 11, 12];;;
934322.jpg;[1, 3, 5, 7];[5, 7];;;
935861.jpg;[5, 9];[5, 9];;;
935723.jpg;[5, 6, 7, 8];[5, 6, 7, 8];;;
935078.jpg;[2, 4];[2, 4];;;
935581.jpg;[5, 12];[5, 12];;;
935252.jpg;[9, 10, 14];[11, 14];;;
935003.jpg;[6, 7, 9, 11, 12];[6, 9, 11, 12];;;
934318.jpg;[9, 10, 11, 12];[9, 10, 11];;;
935713.jpg;[7, 8];[7, 8];;;
935122.jpg;[9, 10, 11, 12];[9, 10, 11, 12];;;
934360.jpg;[10, 11, 14, 15];[14];;;
934907.jpg;[1, 3, 5, 7];[4, 5, 7, 9];;;
935502.jpg;[5, 7, 8];[7, 8];;;
934736.jpg;[1, 5];[3, 5, 16];;;
934662.jpg;[2, 3, 6, 7, 10, 11];[1, 3, 7];;;
935111.jpg;[2, 3, 4, 6, 7, 8, 10, 11, 12, 14, 15, 16];[12];;;
934436.jpg;[9, 11];[9];;;
934546.jpg;[6, 7, 11];[6, 11];;;
935766.jpg;[1, 2, 3, 4, 8];[1, 2, 3, 7, 8];;;
934510.jpg;[5, 6, 8, 12];[5, 6, 8];;;
934930.jpg;[7, 11];[7, 8, 11];;;
934936.jpg;[2, 4, 5, 8];[2, 3, 4, 5, 6, 8];;;
935261.jpg;[1, 2, 3, 5, 6, 7, 9, 10, 11];[0];;;
935451.jpg;[6, 7, 10];[0];;;
934887.jpg;[1, 5, 6, 8];[1, 5, 8];;;
935049.jpg;[3, 4, 7, 8, 11, 12];[2, 10, 14];;;
934966.jpg;[3, 5, 6, 7];[3, 5, 6, 7];;;
934828.jpg;[5, 6, 11];[5, 6, 11];;;
935637.jpg;[5, 6, 7, 8];[7, 8];;;
935607.jpg;[4, 7, 8, 12];[0];;;
934557.jpg;[3, 14];[3, 12, 14];;;
934841.jpg;[10, 11, 12];[10, 11, 12];;;
935177.jpg;[5, 6, 12];[5, 6, 12];;;
935293.jpg;[5, 6, 9, 10, 12];[9, 10, 12];;;
934332.jpg;[5, 9, 10];[9, 10];;;
934798.jpg;[2, 3, 6, 7];[7];;;
935967.jpg;[3, 4];[3, 4, 11];;;
934481.jpg;[1, 5, 9];[9];;;
934368.jpg;[1, 3, 5, 7, 8];[1, 5, 7, 8];;;
935188.jpg;[2, 3];[2, 7];;;
934536.jpg;[6, 7, 10, 11];[6, 7, 11, 14];;;
935553.jpg;[1, 2, 3, 8];[2, 7, 8];;;
935940.jpg;[6, 12, 14];[12, 14];;;
935570.jpg;[9, 10, 11, 12, 13, 16];[9, 10, 11, 12];;;
934809.jpg;[2, 3, 4, 7];[2, 3, 7];;;
935709.jpg;[6, 10, 14];[5];;;
935077.jpg;[1, 3];[1, 3, 6];;;
935538.jpg;[4, 5, 6, 9, 10];[4, 9];;;
934622.jpg;[6, 7];[6];;;
935041.jpg;[1, 3, 4, 5, 7];[3, 5, 7];;;
934766.jpg;[5, 6, 7, 10];[7, 10, 12];;;
935067.jpg;[5, 6, 7, 8, 9];[5, 6, 7, 8];;;
935848.jpg;[7, 11];[7, 11];;;
934313.jpg;[2, 3];[3, 4];;;
935287.jpg;[2, 6, 9, 10, 13, 14, 16];[6, 9, 10, 13, 14, 16];;;
934596.jpg;[3, 4];[0];;;
935019.jpg;[1, 2, 5, 6];[5];;;
935364.jpg;[7, 8, 11, 12, 13];[8, 13];;;
934994.jpg;[5, 11, 12, 15, 16];[5, 6, 11, 12];;;
935577.jpg;[6, 7, 12];[6, 7, 12];;;
934691.jpg;[1, 2, 3];[3];;;
935132.jpg;[5, 6, 7];[5, 6, 7];;;
935417.jpg;[11, 12, 13];[11, 12, 13];;;
934757.jpg;[5, 9];[9];;;
935817.jpg;[2, 4, 6, 8, 9, 10];[6, 8, 9];;;
934487.jpg;[6, 8];[6, 8];;;
934909.jpg;[7, 11, 12, 15, 16];[1, 11, 12, 15, 16];;;
935279.jpg;[3, 4, 7, 8];[0];;;
935114.jpg;[5, 6, 7, 8];[5, 6, 7, 8];;;
935079.jpg;[5, 6, 9, 10, 12];[6, 9, 12];;;
935841.jpg;[1, 5, 7, 11];[5, 6, 7];;;
934334.jpg;[5, 6, 12];[5, 6, 9, 10, 12];;;
934509.jpg;[6, 7, 11];[6, 9, 11];;;
934468.jpg;[3, 7, 11, 12];[3, 7];;;
934892.jpg;[2, 3, 4, 6, 7, 8];[0];;;
935798.jpg;[5, 6, 8];[5, 6, 8];;;
935661.jpg;[1, 4, 5, 8];[8];;;
935068.jpg;[1, 8];[1, 8, 12];;;
935489.jpg;[1, 5, 8];[5, 8];;;
934857.jpg;[2, 3, 4];[2, 3];;;
934600.jpg;[];[0];;;
935007.jpg;[4, 8];[4, 8, 14];;;
934716.jpg;[5, 6, 9, 10];[5, 7, 10];;;
934693.jpg;[1, 2, 3, 4, 5, 6];[1, 3, 4, 6];;;
934451.jpg;[5, 6, 7, 8];[5, 6, 7, 8];;;
934328.jpg;[10, 11];[10, 11];;;
